time,open,high,low,close,ADX
2017-09-27T13:30:00Z,46.387,47.495,46.387,47.2245,13.855581700994932
2017-09-28T13:30:00Z,47.068,47.5345,47.0275,47.475,13.479764060309082
2017-09-29T13:30:00Z,47.6,47.98932,47.5755,47.9555,13.79713452992107
2017-10-02T13:30:00Z,47.999,48.127,47.392,47.6635,13.734183864872069
2017-10-03T13:30:00Z,47.7,47.9,47.457,47.8895,13.675729675897994
2017-10-04T13:30:00Z,47.85,48.0195,47.5345,47.584,13.81473377075981
2017-10-05T13:30:00Z,47.7745,48.5455,47.759,48.498,14.717580129649033
2017-10-06T13:30:00Z,48.335,48.973,48.168,48.9445,16.086606951280764
2017-10-09T13:30:00Z,49,49.27125,48.8055,48.85,17.690991387000103
2017-10-10T13:30:00Z,49,49.0785,48.304005,48.63,18.05981986315339
2017-10-11T13:30:00Z,48.686,49.5355,48.6125,49.4625,18.953563180142694
2017-10-12T13:30:00Z,49.3725,49.706,49.25,49.3915,19.97509513581209
2017-10-13T13:30:00Z,49.6,49.8605,49.45,49.484,21.09690383564872
2017-10-16T13:30:00Z,49.605,49.695325,49.2,49.6,21.56143700255865
2017-10-17T13:30:00Z,49.5145,49.822,49.4295,49.609,22.155550947060025
2017-10-18T13:30:00Z,49.5885,49.836,49.348735,49.6405,22.510988579316198
2017-10-19T13:30:00Z,49.3,49.444,48.9195,49.2225,21.860361387491317
2017-10-20T13:30:00Z,49.472,49.55,49.229,49.41,21.428901350706315
2017-10-23T13:30:00Z,49.476,49.476,48.306,48.4225,20.484761363362022
2017-10-24T13:30:00Z,48.5,48.6115,48.05,48.527,19.99067148605538
2017-10-25T13:30:00Z,48.4185,48.8045,48.026005,48.6665,19.164913614223718
2017-10-26T13:30:00Z,49,49.38,48.61,48.628,18.17622653350935
2017-10-27T13:30:00Z,50.4595,52.4195,50.41,50.9635,20.092314839974065
2017-10-30T13:30:00Z,50.7,51.2485,50.375,50.8555,21.817990594294816
2017-10-31T13:30:00Z,50.761,51.2,50.521,50.832,23.420403794735513
2017-11-01T13:30:00Z,50.8605,51.4835,50.8475,51.275,25.092804414845038
2017-11-02T13:30:00Z,51.088,51.4045,50.6505,51.279,26.294379417783777
2017-11-03T13:30:00Z,51.1055,51.6325,51.0155,51.624,27.57642620155602
2017-11-06T14:30:00Z,51.4495,51.7435,51.25,51.295,28.848869803913647
2017-11-07T14:30:00Z,51.3635,51.6985,51.2565,51.6665,30.030424577531445
2017-11-08T14:30:00Z,51.526,52.1761,51.4225,51.9925,31.490896167698118
2017-11-09T14:30:00Z,51.6995,51.6995,50.98328,51.563,31.939296914136495
2017-11-10T14:30:00Z,51.323,51.538,51.264,51.4035,32.35566903582927
2017-11-13T14:30:00Z,51.171,51.579,51.1285,51.2875,32.45366825082872
2017-11-14T14:30:00Z,51.1295,51.3405,50.7075,51.3,31.691006919102954
2017-11-15T14:30:00Z,50.9605,51.2045,50.771,51.0455,30.98282139678617
2017-11-16T14:30:00Z,51.126,51.796,51.126,51.625,31.035454658934565
2017-11-17T14:30:00Z,51.7005,51.721,50.8875,50.9545,30.592176105188905
2017-11-20T14:30:00Z,51.013,51.1305,50.875,50.919,30.154312547126157
2017-11-21T14:30:00Z,51.1655,51.7555,51.13275,51.7245,30.485959842970995
2017-11-22T14:30:00Z,51.75,51.9853,51.5715,51.798,31.033269434431265
2017-11-24T14:30:00Z,51.7935,52.1589,51.75,52.0305,31.718789381479855
2017-11-27T14:30:00Z,52,52.773,51.922,52.7105,32.91770721635224
2017-11-28T14:30:00Z,52.7545,53.11875,52,52.3705,34.30473633119055
2017-11-29T14:30:00Z,52.134,52.204,50.7825,51.083,33.1976937401543
2017-11-30T14:30:00Z,51.1185,51.424495,50.75,51.0705,32.11636744667699
2017-12-01T14:30:00Z,50.79,51.124485,50.101,50.5085,30.10782905966871
2017-12-04T14:30:00Z,50.633,50.805,49.7785,49.934,28.11690708199823
2017-12-05T14:30:00Z,49.797,51.0305,49.414,50.2575,26.742899441409897
2017-12-06T14:30:00Z,50.075,51.2485,50.057,50.919,25.14080432385784
2017-12-07T14:30:00Z,51.0215,51.712,50.90355,51.5465,23.68984616259216
2017-12-08T14:30:00Z,51.8745,52.1025,51.62611,51.8525,22.843213651931762
2017-12-11T14:30:00Z,51.775,52.19,51.60252,52.055,22.167021439838077
2017-12-12T14:30:00Z,51.9815,52.5155,51.684485,52.024,21.943677722466575
2017-12-13T14:30:00Z,52.306,52.33325,51.919,52.0305,21.73628712776446
2017-12-14T14:30:00Z,52.25,52.925,52.1555,52.4575,22.244317906482134
2017-12-15T14:30:00Z,52.7305,53.381,52.475,53.2095,23.180354885621114
2017-12-18T14:30:00Z,53.304,53.9245,53.1,53.857,24.534207617044665
2017-12-19T14:30:00Z,53.76,53.842,53.1775,53.534,25.79135658193797
2017-12-20T14:30:00Z,53.589,53.669,53.076,53.2475,26.733052812468433
2017-12-21T14:30:00Z,53.2475,53.4665,53.08969,53.1815,27.60748502653243
2017-12-22T14:30:00Z,53.0555,53.21,52.972,53.006,28.131361300220075
2017-12-26T14:30:00Z,52.9035,53.006,52.51,52.837,27.564465168879455
2017-12-27T14:30:00Z,52.8695,52.9185,52.4025,52.4685,26.8092219539032
2017-12-28T14:30:00Z,52.58,52.7375,52.2385,52.407,25.75733075212919
2017-12-29T14:30:00Z,52.336,52.485,52.245,52.32,24.780574636196178
2018-01-02T14:30:00Z,52.417,53.347,52.2615,53.25,25.152544176806273
2018-01-03T14:30:00Z,53.2155,54.3145,53.1605,54.124,26.48582395602453
2018-01-04T14:30:00Z,54.4,54.678495,54.200085,54.32,28.0212527959396
2018-01-05T14:30:00Z,54.7,55.2125,54.6,55.1115,29.836436965911624
2018-01-08T14:30:00Z,55.1115,55.5635,55.081,55.347,31.751690372438617
2018-01-09T14:30:00Z,55.47,55.5285,55.061535,55.313,33.48417648668493
2018-01-10T14:30:00Z,54.855,55.23,54.8055,55.1305,34.48015188926928
2018-01-11T14:30:00Z,55.315,55.32625,54.9795,55.276,35.48676272760862
2018-01-12T14:30:00Z,55.1205,56.2145,55.0575,56.113,37.07505180812345
2018-01-16T14:30:00Z,56.6255,56.9955,55.89158,56.088,38.98529521493244
2018-01-17T14:30:00Z,56.311,56.63,55.8505,56.599,40.66429881323014
2018-01-18T14:30:00Z,56.5705,56.6255,55.875,56.4895,42.22337358307801
2018-01-19T14:30:00Z,56.5915,56.893,56.415,56.8755,43.825548189935716
2018-01-22T14:30:00Z,56.8745,57.994,56.755505,57.7905,45.827147329893315
2018-01-23T14:30:00Z,57.9925,58.58133,57.9375,58.4985,47.89628476619127
2018-01-24T14:30:00Z,58.8665,58.993,58.0525,58.212,49.94947334002317
2018-01-25T14:30:00Z,58.6265,58.797,58.138,58.5185,51.85600558715279
2018-01-26T14:30:00Z,58.754,58.792,57.9055,58.792,53.04883306724716
2018-01-29T14:30:00Z,58.824,59.3445,58.599,58.779,54.39196836910529
2018-01-30T14:30:00Z,58.3915,58.826,58.176,58.1845,54.662370799353546
2018-01-31T14:30:00Z,58.5285,58.65,57.9565,58.497,54.43242533178916
2018-02-01T14:30:00Z,58.1305,58.7,57.876,58.385,54.04001545704641
2018-02-02T14:30:00Z,56.1,56.1535,55.363895,55.595,50.4847578205753
2018-02-05T14:30:00Z,54.53,55.5,52.6015,52.79,49.21626515661334
2018-02-06T14:30:00Z,51.359,54.0855,51.156835,54.03,48.7275361969407
2018-02-07T14:30:00Z,54.077,54.089,52.413,52.429,48.26991259287581
2018-02-08T14:30:00Z,52.7705,52.931,50.033,50.076,48.73083767443171
2018-02-09T14:30:00Z,50.8625,52.1985,49.628,51.889,49.281443345927286
2018-02-12T14:30:00Z,52.4,53.075,52.0464,52.597,48.88556473057569
2018-02-13T14:30:00Z,52.25,52.9185,52.20436,52.605,48.51796315917777
2018-02-14T14:30:00Z,52.4475,53.586,52.3375,53.485,47.48970007886022
2018-02-15T14:30:00Z,53.9535,54.57397,53.217,54.476,45.61167419165004
2018-02-16T14:30:00Z,54.4205,55.2335,54.41567,54.74,43.30690381479828
2018-02-20T14:30:00Z,54.5285,55.6975,54.426,55.123,40.78793204212186
2018-02-21T14:30:00Z,55.3235,56.6985,55.3165,55.567,38.05681050061013
2018-02-22T14:30:00Z,55.8095,56.141,55.1295,55.3315,35.37906686774981
2018-02-23T14:30:00Z,55.632,56.364,55.235675,56.3395,33.06475625854863
2018-02-26T14:30:00Z,56.39,57.198,56.33475,57.1875,31.53217506979244
2018-02-27T14:30:00Z,57.062,57.202,55.9,55.9145,29.729919507872644
2018-02-28T14:30:00Z,56.1515,56.3765,55.162,55.2365,27.763658627776977
2018-03-01T14:30:00Z,55.3935,55.506,53.35005,53.476,27.157346935181142
2018-03-02T14:30:00Z,52.654,54.09993,52.40575,53.946,27.108878157191146
2018-03-05T14:30:00Z,53.757,54.855,53.450005,54.5465,26.419203560347153
2018-03-06T14:30:00Z,54.961,55.0925,54.48875,54.753,25.58078816163559
2018-03-07T14:30:00Z,54.4595,55.611,54.274115,55.482,24.371618120718892
2018-03-08T14:30:00Z,55.766,56.38,55.64,56.3,22.647632421429773
2018-03-09T14:30:00Z,56.8,58.04,56.62303,58.002,22.105664541242813
2018-03-12T13:30:00Z,58.1925,58.8525,57.871,58.225,22.054094733465075
2018-03-13T13:30:00Z,58.5,58.838,56.6665,56.9085,21.085167132650227
2018-03-14T13:30:00Z,57.2605,57.9295,57.072,57.4745,20.185448646179296
2018-03-15T13:30:00Z,57.498,58.054,56.727,57.479,19.085861119931334
2018-03-16T13:30:00Z,57.707,57.794,56.598,56.7865,17.963471302587415
2018-03-19T13:30:00Z,56.0005,56.0995,54.4505,54.991,17.881691395172343
2018-03-20T13:30:00Z,54.95,55.26,54.173,54.8855,17.96297667619386
2018-03-21T13:30:00Z,54.637,55.314995,54.2575,54.544,17.990712877540417
2018-03-22T13:30:00Z,54.094,54.145,52.2955,52.454,19.051494027524857
2018-03-23T13:30:00Z,52.3515,53.168,51.061,51.0785,20.551450826297526
2018-03-26T13:30:00Z,52.3,52.7815,50.42,52.6605,22.18674967705026
2018-03-27T13:30:00Z,53.15,53.241965,49.846,50.255,23.91441643483943
2018-03-28T13:30:00Z,49.9,51.2115,49.032,50.228,25.79939088717678
2018-03-29T13:30:00Z,50.5815,52.15,50.145,51.5895,26.654297398657373
2018-04-02T13:30:00Z,51.141,51.74,49.5185,50.3235,27.699590974677722
2018-04-03T13:30:00Z,50.6955,51.0495,49.7035,50.6705,28.670220723839485
2018-04-04T13:30:00Z,49.6705,51.435875,49.65,51.257,29.179073693183792
2018-04-05T13:30:00Z,52.0665,52.1395,51.006555,51.3905,28.964269861409864
2018-04-06T13:30:00Z,51,51.571,50.1515,50.352,29.212333846830678
2018-04-09T13:30:00Z,50.84,51.98,50.704,50.7725,29.0464589130942
2018-04-10T13:30:00Z,51.322,51.814,50.567,51.582,28.97015922674638
2018-04-11T13:30:00Z,51.3995,51.568205,50.7935,50.9985,28.89930951799483
2018-04-12T13:30:00Z,51.252,52.0345,51.071735,51.6255,28.326241640945042
2018-04-13T13:30:00Z,52.044,52.321,51.149,51.4635,27.488305728031808
2018-04-16T13:30:00Z,51.85,52.162,51.337,51.899,26.71022238032666
2018-04-17T13:30:00Z,52.5685,53.894,52.413,53.708,25.27368239931714
2018-04-18T13:30:00Z,53.8715,53.8715,53.31125,53.604,23.939752416951148
2018-04-19T13:30:00Z,53.47,54.70825,53.409,54.385,23.37012599778031
2018-04-20T13:30:00Z,54.1,54.6175,53.4785,53.648,22.841187179978814
2018-04-23T13:30:00Z,53.893,54.136,53.035,53.3725,21.86907572086014
2018-04-24T13:30:00Z,52.6,52.85,50.5295,50.999,21.68431265149517
2018-04-25T13:30:00Z,51.276,51.6245,50.7655,51.059,21.512746944227697
2018-04-26T13:30:00Z,51.4755,52.399,50.9095,52.002,20.62431062843033
2018-04-27T13:30:00Z,52.3,52.475,51.2795,51.5025,19.729508135984965
2018-04-30T13:30:00Z,51.5005,51.85,50.8425,50.8665,19.243777749628336
2018-05-01T13:30:00Z,50.683,51.9235,50.4105,51.8655,19.122422815090882
2018-05-02T13:30:00Z,51.405,52.01945,51.1435,51.219,18.904612913017285
2018-05-03T13:30:00Z,50.95,51.48375,50.3145,51.186,19.327868613219803
2018-05-04T13:30:00Z,50.845,52.4255,50.845,52.4105,18.71154120056677
2018-05-07T13:30:00Z,52.4615,53.084,52.355,52.7395,17.518160360340953
2018-05-08T13:30:00Z,52.927,53.0275,52.35725,52.6955,16.410021008702692
2018-05-09T13:30:00Z,52.905,54.272,52.81825,54.138,16.164856095872707
2018-05-10T13:30:00Z,54.3015,55.022,54.282,54.8785,16.47815714867616
2018-05-11T13:30:00Z,54.68,55.066475,54.5455,54.913,16.800444924164758
2018-05-14T13:30:00Z,55,55.5375,54.9555,55.01,17.434374800462553
2018-05-15T13:30:00Z,54.5,54.5025,53.6735,53.9615,16.69377469090034
2018-05-16T13:30:00Z,53.8655,54.4635,53.813,54.0885,16.006074589163998
2018-05-17T13:30:00Z,53.9945,54.3435,53.675,53.9295,15.228688482676272
2018-05-18T13:30:00Z,53.093,53.497,53.034,53.318,14.400018466042109
2018-05-21T13:30:00Z,53.703,54.4,53.6825,53.979,13.942252419477647
2018-05-22T13:30:00Z,54.178,54.3295,53.3345,53.4865,13.174207853495767
2018-05-23T13:30:00Z,53.2565,54.039,53.0855,53.9845,12.24952859268329
2018-05-24T13:30:00Z,53.95,54.0235,53.3075,53.962,11.390897850500274
2018-05-25T13:30:00Z,53.951,54.128,53.68875,53.783,10.674527484367855
2018-05-29T13:30:00Z,53.2445,53.6685,52.761,53.016,10.768512036653743
2018-05-30T13:30:00Z,53.1515,53.4605,52.8415,53.39,10.855783406633497
2018-05-31T13:30:00Z,53.378,54.8595,53.378,54.2495,10.72169021783117
2018-06-01T13:30:00Z,54.9675,56,54.925,55.975,11.515033368890663
2018-06-04T13:30:00Z,56.1165,57.0945,56.10025,56.9645,12.962656183096025
2018-06-05T13:30:00Z,57.0495,57.2869,56.6595,56.983,14.421565692188038
2018-06-06T13:30:00Z,57.1085,57.15,56.287145,56.844,15.330742499607485
2018-06-07T13:30:00Z,56.566,56.791,55.826,56.193,15.64180971936623
2018-06-08T13:30:00Z,55.909,56.3335,55.6075,56.0435,15.68201824558193
2018-06-11T13:30:00Z,55.93,56.863,55.93,56.4995,16.14160891284839
2018-06-12T13:30:00Z,56.5535,56.9895,56.53675,56.966,16.6675457828153
2018-06-13T13:30:00Z,57.056,57.325,56.669,56.7395,17.420646464118736
2018-06-14T13:30:00Z,57.1925,57.7735,57.032,57.606,18.458960365360944
2018-06-15T13:30:00Z,57.443,57.671,57.17425,57.613,19.423108987942996
2018-06-18T13:30:00Z,57.1825,58.7155,57.1795,58.673,21.04615625431419
2018-06-19T13:30:00Z,57.925,58.5635,57.7005,58.403,22.553271573087446
2018-06-20T13:30:00Z,58.7655,59.31428,58.458,58.492,24.41133320416086
2018-06-21T13:30:00Z,58.7425,58.86475,57.6116,57.883,24.876676337911263
2018-06-22T13:30:00Z,57.957,58.124825,57.363,57.774,24.970267737893852
2018-06-25T13:30:00Z,57.18,57.1955,55.639,56.2405,23.23426112791731
2018-06-26T13:30:00Z,56.4,56.6605,55.832945,55.923,21.62225499008195
2018-06-27T13:30:00Z,56.067,56.59181,55.181,55.199,20.731069308142295
2018-06-28T13:30:00Z,55.1045,56.1155,54.8005,55.711,20.23400072727085
2018-06-29T13:30:00Z,56,56.411325,55.75,55.7825,19.440127476779033
2018-07-02T13:30:00Z,54.95,56.4,54.69,56.373,19.58766912891191
2018-07-03T13:30:00Z,56.791,56.791,55.001,55.1445,19.278928076023806
2018-07-05T13:30:00Z,55.5265,56.375,55.424,56.2135,18.99223995548486
2018-07-06T13:30:00Z,56.179,57.0465,56.036855,57.0085,17.961968468459126
2018-07-09T13:30:00Z,57.424,57.7335,57.171,57.7025,17.04551509495462
2018-07-10T13:30:00Z,57.849,57.9795,57.4795,57.642,16.42854989015094
2018-07-11T13:30:00Z,57.2295,58.2145,57.050015,57.695,15.383502307641916
2018-07-12T13:30:00Z,57.9945,59.2205,57.79675,59.174,15.348165002786859
2018-07-13T13:30:00Z,59.25,59.770865,59,59.441,15.758051180191313
2018-07-16T13:30:00Z,59.4695,59.55,58.964,59.193,16.094519767475006
2018-07-17T13:30:00Z,58.611,60.152,58.53,59.94,16.885109613152814
2018-07-18T13:30:00Z,59.828,60.225,59.517,59.794,17.675793611238046
2018-07-19T13:30:00Z,59.55,60,59.166,59.348,17.92288448158699
2018-07-20T13:30:00Z,59.348,59.843,59.211,59.2455,18.15232600405387
2018-07-23T13:30:00Z,59.0505,60.3245,59.05,60.275,18.80570182445601
2018-07-24T13:30:00Z,63.1295,63.3,61.778,62.404,21.189353586523012
2018-07-25T13:30:00Z,61.9565,63.293,61.9565,63.185,23.402744508442375
2018-07-26T13:30:00Z,62.55,63.488535,62.451,63.4165,25.544857835301592
2018-07-27T13:30:00Z,63.55,63.6945,61.55,61.925,26.30682912795742
2018-07-30T13:30:00Z,61.4005,61.7458,60.5735,60.987,25.88955795678028
2018-07-31T13:30:00Z,61.0005,61.379385,60.28,60.863,25.191713656787517
2018-08-01T13:30:00Z,61.4,61.6735,60.5105,61.0005,24.76820624816815
2018-08-02T13:30:00Z,60.295,61.494,60.2395,61.3075,24.06957957112526
2018-08-03T13:30:00Z,61.481,61.5,60.753,61.1855,23.426040417463152
2018-08-06T13:30:00Z,61.25,61.30438,60.789825,61.2385,22.82846834620548
2018-08-07T13:30:00Z,61.85,62.5585,61.8085,62.111,23.314156172760665
2018-08-08T13:30:00Z,62.0235,62.825,61.900415,62.2805,23.954990430918844
2018-08-09T13:30:00Z,62.495,62.7771,62.3005,62.455,24.5500508134943
2018-08-10T13:30:00Z,62.15,62.28475,61.6,61.8805,24.12705026683312
2018-08-13T13:30:00Z,61.849,62.46364,61.682025,61.7505,23.894742553127294
2018-08-14T13:30:00Z,61.7595,62.293475,61.2555,62.105,23.1074521556548
2018-08-15T13:30:00Z,61.463,61.762,60.4755,60.719,21.46734831413506
2018-08-16T13:30:00Z,61.2365,61.299995,60.1275,60.3245,20.318902165297043
2018-08-17T13:30:00Z,60.1015,60.451,59.412,60.048,19.95634583815895
2018-08-20T13:30:00Z,60.251,60.55,59.73132,60.3885,19.49388636061671
2018-08-21T13:30:00Z,60.4,60.863,60.017685,60.081,18.663540882922405
2018-08-22T13:30:00Z,60,60.592,59.95,60.3665,17.967442460420042
2018-08-23T13:30:00Z,60.357,61.064,60.212,60.269,16.708169279968818
2018-08-24T13:30:00Z,60.441,61.0825,60.31794,61.0325,15.51509093745081
2018-08-27T13:30:00Z,61.38,62.1545,61.2858,62.091,15.630689981612175
2018-08-28T13:30:00Z,62.0645,62.12725,61.4345,61.5575,15.738031951190587
2018-08-29T13:30:00Z,61.8725,62.533,61.81794,62.465,16.25183528641032
2018-08-30T13:30:00Z,62.2115,62.68175,61.6295,61.956,16.432058806749048
2018-08-31T13:30:00Z,61.749,61.933,60.56427,60.9095,15.365419746184239
2018-09-04T13:30:00Z,60.2135,60.6495,59.625,59.85,15.356313530611049
2018-09-05T13:30:00Z,59.69,59.95048,58.1,59.324,16.534907605057864
2018-09-06T13:30:00Z,59.315,59.315,57.6,58.572,17.944457916948334
2018-09-07T13:30:00Z,57.9335,58.763,57.86075,58.2415,19.25332606370377
2018-09-10T13:30:00Z,58.6095,58.727,58.0055,58.232,20.468703628548106
2018-09-11T13:30:00Z,58.0815,58.934,57.812,58.868,21.281963508531103
2018-09-12T13:30:00Z,58.636,58.9305,57.918,58.141,22.03713339708674
2018-09-13T13:30:00Z,58.537,58.9305,58.1425,58.7665,22.738362579316977
2018-09-14T13:30:00Z,58.955,59.02125,58.416475,58.6265,23.225360342680464
2018-09-17T13:30:00Z,58.507,58.862,57.7015,57.8025,24.325769390321142
2018-09-18T13:30:00Z,57.8545,58.804,57.8545,58.061,25.34757779170177
2018-09-19T13:30:00Z,58.249,58.6605,57.729,58.5545,26.408419223047698
2018-09-20T13:30:00Z,58.9995,59.4945,58.668,59.3435,25.845187158769406
2018-09-21T13:30:00Z,59.6,59.6105,58.302,58.3045,25.718477492434083
2018-09-24T13:30:00Z,57.8585,58.9,57.3455,58.6685,26.473043708224658
2018-09-25T13:30:00Z,58.8075,59.344,58.4,59.2325,26.4493397864788
2018-09-26T13:30:00Z,59.2575,59.7115,58.73825,59.0245,25.86686646298481
2018-09-27T13:30:00Z,59.3365,60.105,59.1815,59.732,24.760485583125995
2018-09-28T13:30:00Z,59.5935,59.7705,59.225,59.6735,23.73313190897138
2018-10-01T13:30:00Z,59.9945,60.495,59.515,59.7655,22.282499498482476
2018-10-02T13:30:00Z,59.548,60.498,59.3315,60.0055,20.691833380332834
2018-10-03T13:30:00Z,60.25,60.3205,59.6915,60.1475,19.214786270622454
2018-10-04T13:30:00Z,59.7665,59.8755,57.7788,58.4095,19.877724623170522
2018-10-05T13:30:00Z,58.375,58.674995,57.256,57.8675,20.888686225043028
2018-10-08T13:30:00Z,57.5055,58.4,56.36818,57.4485,22.41180688419482
2018-10-09T13:30:00Z,57.3075,57.7175,56.8786,56.941,23.82613321055006
2018-10-10T13:30:00Z,56.554,56.6085,54.0565,54.061,26.43448423283008
2018-10-11T13:30:00Z,53.647,55.32,53.4135,53.966,29.059005448638825
2018-10-12T13:30:00Z,55.4,55.75,54.3201,55.504,30.92541425469335
2018-10-15T13:30:00Z,55.4455,55.67232,54.45,54.6125,32.658508146029696
2018-10-16T13:30:00Z,55.2295,56.211,55.125,56.064,33.53167863733656
2018-10-17T13:30:00Z,56.323,56.4495,55.1095,55.7845,34.02485384641854
2018-10-18T13:30:00Z,56.092,56.092,53.8545,54.3985,35.113150745577045
2018-10-19T13:30:00Z,54.6685,55.518,54.3875,54.823,36.12371215193851
2018-10-22T13:30:00Z,55.153,55.6115,54.55,55.058,36.92733181578621
2018-10-23T13:30:00Z,54.0445,55.3945,53.5,55.1845,38.17196691908105
2018-10-24T13:30:00Z,55.2125,55.306,52.437,52.5355,39.739516964871555
2018-10-25T13:30:00Z,53.5895,55.549,53.4775,54.7785,40.85020647099088
2018-10-26T13:30:00Z,51.8515,55.3265,51.7045,53.5735,42.49333617637308
2018-10-29T13:30:00Z,54.1235,54.852,49.7915,51.004,44.48915649740202
2018-10-30T13:30:00Z,50.423,51.8745,50.0375,51.8105,46.34241822407175
2018-10-31T13:30:00Z,52.9905,54.597,52.85,53.8385,45.25035642854217
2018-11-01T13:30:00Z,53.79,54.19875,53.123,53.5,44.23629904697898
2018-11-02T13:30:00Z,53.6865,54.14875,52.7305,52.8895,43.47786094154459
2018-11-05T14:30:00Z,52.75,52.9235,51.062,52.0045,43.46353486125496
2018-11-06T14:30:00Z,51.974,53.21725,51.9035,52.7905,43.175470935335994
2018-11-07T14:30:00Z,53.45,54.773,53.295,54.6695,41.58545304541511
2018-11-08T14:30:00Z,54.569,54.6635,53.61024,54.12,40.10900786191714
2018-11-09T14:30:00Z,53.6995,53.778,52.6555,53.3075,39.225814393873684
2018-11-12T14:30:00Z,53.0695,53.106,51.55,51.9315,38.90742226192062
2018-11-13T14:30:00Z,52.1645,52.83025,51.5575,51.8025,38.611772425107056
2018-11-14T14:30:00Z,52.5,52.728215,51.55,52.183,38.34080153466154
2018-11-15T14:30:00Z,52.2355,53.5925,51.589,53.2355,37.25492795718863
2018-11-16T14:30:00Z,52.9705,53.35,52.449,53.0745,36.24661677810664
2018-11-19T14:30:00Z,52.86,53.0395,50.813005,51,36.18761234155783
2018-11-20T14:30:00Z,50,51.587,49.801,51.288,36.57661497119054
2018-11-21T14:30:00Z,51.838,52.428,51.6735,51.8805,36.13582205758768
2018-11-23T14:30:00Z,51.5,51.8795,51.11996,51.194,35.990988096946005
2018-11-26T14:30:00Z,51.9175,52.4655,51.6955,52.431,35.30869957947077
2018-11-27T14:30:00Z,52.05,52.879,51.9245,52.2205,34.29901789027424
2018-11-28T14:30:00Z,52.438,54.342,51.788,54.3115,32.176098900842646
2018-11-29T14:30:00Z,53.804,54.71225,53.8,54.415,29.93603248791363
2018-11-30T14:30:00Z,54.4535,54.7785,53.894,54.7215,27.806384286058496
2018-12-03T14:30:00Z,56.157,56.2325,55.183225,55.3215,26.81258452115523
2018-12-04T14:30:00Z,55.156,55.221,52.499,52.541,25.67605476520593
2018-12-06T14:30:00Z,51.713,53.56,51.538505,53.4365,25.113282867312662
2018-12-07T14:30:00Z,53.0005,53.763,51.425,51.829,24.44504941926877
2018-12-10T14:30:00Z,51.7525,52.4225,51.1645,51.9775,23.96513911406716
2018-12-11T14:30:00Z,52.8245,53.03,51.992,52.5875,23.05342328609385
2018-12-12T14:30:00Z,53.4,54.0825,53.1395,53.184,21.462402256967465
2018-12-13T14:30:00Z,53.4035,53.987985,52.6965,53.095,20.273836813059056
2018-12-14T14:30:00Z,52.499,53.13,52.0395,52.105,19.585607815859625
2018-12-17T14:30:00Z,51.8755,52.6575,50.395,50.8265,19.849258315728818
2018-12-18T14:30:00Z,51.3045,52.474,51.072,51.4355,20.09407663703593
2018-12-19T14:30:00Z,51.6995,53.1,50.4025,51.1505,20.66444701045472
2018-12-20T14:30:00Z,50.9065,51.711,49.818,50.4705,21.47960798904939
2018-12-21T14:30:00Z,50.765,51.201,48.6845,48.977,22.741141305737305
2018-12-24T14:30:00Z,48.695,50.177,48.5055,48.811,23.988118290037104
2018-12-26T14:30:00Z,49.4505,52,49.15,51.973,23.54271733399679
2018-12-27T14:30:00Z,50.8575,52.1945,49.85,52.194,22.977200630332064
2018-12-28T14:30:00Z,52.481,52.778,51.655,51.854,21.996670478540086
2018-12-31T14:30:00Z,52.548,52.635,51.1795,51.7805,21.385380659096825
2019-01-02T14:30:00Z,50.8285,52.616,50.7855,52.2925,21.062346654740946
2019-01-03T14:30:00Z,52.05,52.849,50.7035,50.803,20.557254395149663
2019-01-04T14:30:00Z,51.6295,53.542,51.370895,53.5355,19.494106990968014
2019-01-07T14:30:00Z,53.575,53.699995,52.738,53.4195,18.374048923827864
2019-01-08T14:30:00Z,53.8055,54.228,53.0265,53.814,17.23096642932705
2019-01-09T14:30:00Z,54.0825,54.1315,53.32,53.733,16.169532684433435
2019-01-10T14:30:00Z,53.383,53.5575,52.8855,53.5165,15.238571643458448
2019-01-11T14:30:00Z,53.159,53.18875,52.424,52.8595,14.775162693496885
2019-01-14T14:30:00Z,52.346,52.5765,52.06275,52.2345,14.6485036057413
2019-01-15T14:30:00Z,52.5085,54.0025,52.367,53.8575,14.007767060902045
2019-01-16T14:30:00Z,54,54.61875,53.967,54.0485,13.89409224383373
2019-01-17T14:30:00Z,53.9735,54.59,53.675,54.495,13.506121069749227
2019-01-18T14:30:00Z,55,55.4176,54.545,54.913,13.779725395597845
2019-01-22T14:30:00Z,54.4,54.5755,53.1735,53.526,12.797593551912486
2019-01-23T14:30:00Z,53.8675,54.2465,52.9875,53.7785,12.032015979320821
2019-01-24T14:30:00Z,53.824,53.97375,53.035,53.695,11.321122519057134
2019-01-25T14:30:00Z,54.25,54.7,54.091,54.5495,10.999514693371912
2019-01-28T14:30:00Z,54.0055,54.15,53.19,53.504,10.522690590076293
2019-01-29T14:30:00Z,53.634,53.7575,52.793235,53.031,10.402060389889957
2019-01-30T14:30:00Z,53.4215,54.55,53.3425,54.453,9.743725440494247
2019-01-31T14:30:00Z,55.15,55.8665,54.7705,55.8185,10.130478510049064
2019-02-01T14:30:00Z,55.62,56.25,55.2445,55.5375,10.747016439490068
2019-02-04T14:30:00Z,55.633,56.64,55.451,56.64,11.577452032437172
2019-02-05T14:30:00Z,56.242,57.3425,55.8624,57.2995,12.788730805973383
2019-02-06T14:30:00Z,56.9785,57.35,55.6385,55.7615,13.669967453450878
2019-02-07T14:30:00Z,55.208,55.242,54.3,54.9355,13.184660319008984
2019-02-08T14:30:00Z,54.35,54.9455,54.3275,54.753,12.734017979884369
2019-02-11T14:30:00Z,54.8475,55.29725,54.643,54.7505,12.598674305252535
2019-02-12T14:30:00Z,55.34,56.26475,55.2925,56.0685,13.186016733521036
2019-02-13T14:30:00Z,56.2495,56.7365,55.925,56.008,14.045435583325613
2019-02-14T14:30:00Z,55.9025,56.4115,55.52225,56.0835,14.409043121291873
2019-02-15T14:30:00Z,56.504,56.5835,55.5325,55.6825,14.87288647258967
2019-02-19T14:30:00Z,55.5,56.0945,55.5,55.928,15.265370294139688
2019-02-20T14:30:00Z,55.9995,56.1705,55.264,55.69,15.342154470484104
2019-02-21T14:30:00Z,55.542,55.597,54.626,54.8485,14.675834252666355
2019-02-22T14:30:00Z,55.045,55.562,54.78,55.5185,14.057108336121301
2019-02-25T14:30:00Z,55.8,55.927,55.3635,55.47,13.855961312819879
2019-02-26T14:30:00Z,55.2875,55.9755,54.996,55.7565,13.217249191471284
2019-02-27T14:30:00Z,55.3475,55.899,55.05,55.8025,12.624159364504731
2019-02-28T14:30:00Z,55.565,56.3825,55.5505,55.996,12.615796231877487
2019-03-01T14:30:00Z,56.245,57.1485,56.2375,57.0495,13.357392542324368
2019-03-04T14:30:00Z,57.3495,57.91402,56.5345,57.39,14.67468242904881
2019-03-05T14:30:00Z,57.503,58.4805,57.30975,58.1015,16.304565913512153
2019-03-06T14:30:00Z,58.1245,58.37829,57.7745,57.893,17.81802914908526
2019-03-07T14:30:00Z,57.786,57.83775,56.7455,57.165,17.75449019139981
2019-03-08T14:30:00Z,56.3365,57.354,56.165,57.116,16.999776130683056
2019-03-11T13:30:00Z,57.2225,58.8095,57.2225,58.788,17.516271442144234
2019-03-12T13:30:00Z,58.913,60,58.913,59.66,18.749370610002863
2019-03-13T13:30:00Z,60.03225,60.0465,59.597,59.666,19.921514614441595
2019-03-14T13:30:00Z,59.7255,59.894,59.224,59.2775,20.54762166109857
2019-03-15T13:30:00Z,59.669,59.8285,59.1305,59.223,21.01169725453966
2019-03-18T13:30:00Z,59.165,59.5,58.871055,59.213,21.10926052061579
2019-03-19T13:30:00Z,59.4405,60,59.2935,59.9425,21.59263422528828
2019-03-20T13:30:00Z,59.8675,61.357,59.8085,61.1985,22.925183530015563
2019-03-21T13:30:00Z,60.8,61.5895,60.6575,61.577,24.293491332078908
2019-03-22T13:30:00Z,61.316,61.5,60.14125,60.275,24.870418122771685
2019-03-25T13:30:00Z,59.8465,60.319875,59.352,59.65,24.449782660168786
2019-03-26T13:30:00Z,59.9265,60.1415,58.836,59.231,23.494191029491095
2019-03-27T13:30:00Z,59.275,59.37795,57.9685,58.651,21.877562072895547
2019-03-28T13:30:00Z,58.577,58.57825,57.97156,58.4245,20.37640661319968
2019-03-29T13:30:00Z,58.745,58.9495,58.144,58.6655,19.224129025801016
2019-04-01T13:30:00Z,59.205,59.833,59.1,59.7215,18.93962751483366
2019-04-02T13:30:00Z,59.766,60.0675,59.2855,60.0245,18.867865423914395
2019-04-03T13:30:00Z,60.374,60.815,60.025,60.296,19.377861626672306
2019-04-04T13:30:00Z,60.297,60.7835,60.2065,60.75,19.851429529233226
2019-04-05T13:30:00Z,60.7495,60.811,60.2515,60.3575,20.3132612994448
2019-04-08T13:30:00Z,60.3945,60.4345,59.993,60.192,20.375844657208013
2019-04-09T13:30:00Z,59.8,60.1145,59.654,59.8625,19.96459777748563
2019-04-10T13:30:00Z,60.034,60.18925,59.82175,60.108,19.660251390178093
2019-04-11T13:30:00Z,60.198,60.398,60.0065,60.231,19.599359453520584
2019-04-12T13:30:00Z,60.5,60.9175,60.4055,60.8935,20.06373804616674
2019-04-15T13:30:00Z,60.9,61.21,60.455505,61.055,20.76758776655419
2019-04-16T13:30:00Z,61.25,61.541,61.006,61.3565,21.717601387211396
2019-04-17T13:30:00Z,61.65,62.028,61.391,61.817,23.003737090696408
2019-04-18T13:30:00Z,61.959,62.1,61.7305,61.8185,24.256016546221268
2019-04-22T13:30:00Z,61.7995,62.4545,61.4155,62.442,25.70206201123968
2019-04-23T13:30:00Z,62.5345,63.45,62.319,63.2275,27.710059089262195
2019-04-24T13:30:00Z,63.206,63.4005,62.75,62.8,29.57462780456882
2019-04-25T13:30:00Z,63.2385,63.370415,62.6015,63.1725,30.99604811156715
2019-04-26T13:30:00Z,63.45,63.6535,63.016,63.609,32.513521539593604
2019-04-29T13:30:00Z,63.7,64.4635,63.314745,64.379,34.41503638314097
2019-04-30T13:30:00Z,59.25,59.6405,58.75,59.424,33.04081867669698
2019-05-01T13:30:00Z,59.4025,59.4025,58.359,58.404,32.01497037193061
2019-05-02T13:30:00Z,58.388,58.709475,57.75009,58.1305,31.43864017169443
2019-05-03T13:30:00Z,58.6825,59.34,58.45,59.27,30.307066758786405
2019-05-06T13:30:00Z,58.313,59.5425,58.313,59.4695,29.068318791609926
2019-05-07T13:30:00Z,59.0235,59.522,58.052,58.705,28.10851056015567
2019-05-08T13:30:00Z,58.6005,59.021215,58.287,58.3135,27.21726005951957
2019-05-09T13:30:00Z,57.9515,58.483,57.5425,58.119,26.94423690960065
2019-05-10T13:30:00Z,58.1795,58.63,57.125,58.2135,26.9787972586684
2019-05-13T13:30:00Z,57.098,57.397,56.1055,56.6015,27.641305262901465
2019-05-14T13:30:00Z,56.8605,57.021,55.9775,56.022,28.330152084290035
2019-05-15T13:30:00Z,55.8935,58.5665,55.833285,58.2105,27.26553027000943
2019-05-16T13:30:00Z,58.2255,59.408,58.142,58.949,25.527665750792245
2019-05-17T13:30:00Z,58.4235,59.0075,58.0005,58.115,24.028136056800705
2019-05-20T13:30:00Z,57.225,57.339835,56.572125,56.9425,23.671315585659965
2019-05-21T13:30:00Z,57.4245,57.635385,56.897,57.4815,23.06167146297879
2019-05-22T13:30:00Z,57.3375,57.926,57.2945,57.571,22.220055860823546
2019-05-23T13:30:00Z,57.025,57.298625,56.4612,57.0385,22.032681202339568
2019-05-24T13:30:00Z,57.368,57.48825,56.583,56.6735,21.6668300013041
2019-05-28T13:30:00Z,56.7,57.579355,56.656,56.7075,21.231185538242574
2019-05-29T13:30:00Z,56.376,56.455,55.411005,55.823,21.69875440979114
2019-05-30T13:30:00Z,55.777,56.1565,55.606,55.8975,22.132925504800518
2019-05-31T13:30:00Z,55.0645,55.48,55.009,55.1815,22.920069631253206
2019-06-03T13:30:00Z,53.275,53.275,51.25,51.8115,25.25257108949376
2019-06-04T13:30:00Z,52.145,52.8025,51.6845,52.6525,27.418465300717127
2019-06-05T13:30:00Z,52.577,52.6775,51.5245,52.111,29.481339412568513
2019-06-06T13:30:00Z,52.2495,52.3745,51.685,52.217,31.396865373573373
2019-06-07T13:30:00Z,52.5315,53.546,52.42,53.302,31.819017449504045
2019-06-10T13:30:00Z,53.649,54.633,53.61608,54.019,31.149129632717177
2019-06-11T13:30:00Z,54.699,55.0995,53.880125,53.936,30.110306482610145
2019-06-12T13:30:00Z,53.9,54.0465,53.377,53.8515,29.45810230869127
2019-06-13T13:30:00Z,54.182,54.7085,54.0075,54.4385,28.254700769934882
2019-06-14T13:30:00Z,54.321,54.6345,54.008605,54.2675,27.137256483946803
2019-06-17T13:30:00Z,54.314,54.959,54.314,54.625,25.795271391589658
2019-06-18T13:30:00Z,55.4845,55.8195,54.9495,55.18,24.111091578290086
2019-06-19T13:30:00Z,55.28,55.35,54.674,55.1165,22.468040007771926
2019-06-20T13:30:00Z,55.9995,56.006,55.237,55.571,21.340063768598792
2019-06-21T13:30:00Z,55.462,56.2055,55.404,56.094,20.456613881759296
2019-06-24T13:30:00Z,55.9805,56.1,55.5505,55.776,19.636267558265477
2019-06-25T13:30:00Z,55.633,55.7175,54.19,54.3175,18.86042623225315
2019-06-26T13:30:00Z,54.325,54.6485,53.612,53.99,18.59184252788746
2019-06-27T13:30:00Z,54.2,54.355,53.7645,53.8005,18.342443373833607
2019-06-28T13:30:00Z,53.8195,54.05,53.6685,54.0455,18.190791315676
2019-07-01T13:30:00Z,54.9,55.379,54.68515,54.8975,17.09631406213436
2019-07-02T13:30:00Z,55.112,55.5885,54.9085,55.5625,16.268206811517935
2019-07-03T13:30:00Z,55.8705,56.338,55.693,56.079,16.137902804549128
2019-07-05T13:30:00Z,55.89,56.644,55.807,56.5795,16.260984717382062
2019-07-08T13:30:00Z,56.2585,56.299,55.5605,55.8175,16.093348270419924
2019-07-09T13:30:00Z,55.59,56.40125,55.3585,56.2415,15.704117758634318
2019-07-10T13:30:00Z,56.561,57.1025,56.5485,57.024,15.961265773374919
2019-07-11T13:30:00Z,57.1625,57.6535,56.979,57.2105,16.636917549822336
2019-07-12T13:30:00Z,57.1995,57.367,56.939,57.245,17.21153714537423
2019-07-15T13:30:00Z,57.343,57.541,56.97,57.517,17.889584262716316
2019-07-16T13:30:00Z,57.3,57.929,57.25,57.679,18.836366079687224
2019-07-17T13:30:00Z,57.5485,57.918,57.2885,57.3175,19.715520624017355
2019-07-18T13:30:00Z,57.087,57.38025,56.6365,57.3165,19.542695285354363
2019-07-19T13:30:00Z,57.4095,57.557,56.481,56.505,19.55888483278596
2019-07-22T13:30:00Z,56.6725,56.9625,56.212,56.9035,19.174178021740776
2019-07-23T13:30:00Z,57.2,57.345,56.59,57.3105,19.226311135334903
2019-07-24T13:30:00Z,56.595,57.2,56.3495,56.8905,18.904228299800234
2019-07-25T13:30:00Z,56.891,57.085,56.046,56.606,18.150171572619065
2019-07-26T13:30:00Z,61.202,63.277495,61.2,62.5205,21.047751796048296
2019-07-29T13:30:00Z,62.0525,62.3685,61.4115,61.9705,23.738362003518294
2019-07-30T13:30:00Z,61.2705,61.7435,61.165,61.257,25.956274338190926
2019-07-31T13:30:00Z,61.15,61.7,60.388175,60.834,27.159236770493035
2019-08-01T13:30:00Z,60.7015,61.7055,60.286,60.4505,28.165562838449688
2019-08-02T13:30:00Z,60.037,60.345,59.447,59.6995,28.216426253123544
2019-08-05T13:30:00Z,58.502,58.762,57.007,57.616,26.282184101450696
2019-08-06T13:30:00Z,58.1655,58.998,58,58.4975,24.640955725509432
2019-08-07T13:30:00Z,57.8,58.922255,57.481195,58.6995,23.008987859627993
2019-08-08T13:30:00Z,59.1415,60.2505,58.651,60.24,22.108264115061104
2019-08-09T13:30:00Z,59.8995,60.194,59.18015,59.4005,21.27187778082042
2019-08-12T13:30:00Z,58.9605,59.248,58.383615,58.7355,19.88885002020544
2019-08-13T13:30:00Z,58.573,60.239,58.573,59.8635,19.259058896273114
2019-08-14T13:30:00Z,58.8155,59.115,58.027,58.2145,18.257642459265007
2019-08-15T13:30:00Z,58.175,58.792,58.1055,58.363,17.327755767757477
2019-08-16T13:30:00Z,58.9775,59.136,58.5905,58.88,16.714403606924556
2019-08-19T13:30:00Z,59.5045,60.3495,59.5045,59.9225,16.94728403925467
2019-08-20T13:30:00Z,59.7625,59.803,59.1055,59.1345,16.80559493523
2019-08-21T13:30:00Z,59.6575,59.95,59.3715,59.5625,16.773043617994986
2019-08-22T13:30:00Z,59.7035,59.900575,58.929,59.4765,16.325672175589137
2019-08-23T13:30:00Z,59.0995,59.704,57.3875,57.5645,15.659710280782168
2019-08-26T13:30:00Z,57.863,58.4735,57.648,58.4445,15.041317092747125
2019-08-27T13:30:00Z,59.0265,59.12,58.0725,58.392,14.013730114418358
2019-08-28T13:30:00Z,58.0855,58.820995,57.865,58.551,13.139502141505135
2019-08-29T13:30:00Z,59.056,59.803,59.056,59.6425,12.870571868884403
2019-08-30T13:30:00Z,59.925,59.925,59.19013,59.405,12.714355229847044
2019-09-03T13:30:00Z,58.8515,59.3445,58.16,58.4195,11.960954310316636
2019-09-04T13:30:00Z,58.8355,59.174,58.55,59.0705,11.261367742181259
2019-09-05T13:30:00Z,59.5765,60.652,59.5765,60.569,11.483771631943956
2019-09-06T13:30:00Z,60.4065,60.60075,60.12611,60.2465,11.690289529580745
2019-09-09T13:30:00Z,60.2,61,59.631,60.2205,11.398576066766097
2019-09-10T13:30:00Z,59.7575,60.5,59.729,60.3,11.12769927986678
2019-09-11T13:30:00Z,60.1705,61.13,60.11,61.0085,11.406242971461221
2019-09-12T13:30:00Z,61.215,62.093,61.151,61.7125,12.373672052226116
2019-09-13T13:30:00Z,61.5675,62.044,61.3505,61.978,13.271999055793518
2019-09-16T13:30:00Z,61.476,61.978,61.2805,61.565,14.01915236434505
2019-09-17T13:30:00Z,61.52,61.75,61.1845,61.4575,14.587493129128703
2019-09-18T13:30:00Z,61.3755,61.7805,60.8265,61.6205,14.645383494348449
2019-09-19T13:30:00Z,61.603,62.222,61.601,61.9355,15.103026658540783
2019-09-20T13:30:00Z,61.656,62.166,61.154,61.4965,14.940672547060469
2019-09-23T13:30:00Z,61.3,61.9545,61.2085,61.7015,14.789915157828748
2019-09-24T13:30:00Z,62,62.337,60.534,60.938,13.793711352483726
2019-09-25T13:30:00Z,60.791,62.415,60.5045,62.326,12.961149678614206
2019-09-26T13:30:00Z,62.098,62.25,61.6134,62.0695,12.188056695735366
2019-09-27T13:30:00Z,62.1505,62.201,60.7225,61.2545,12.240621613429067
2019-09-30T13:30:00Z,61.0485,61.3,60.615,60.95,12.40637695205955
2019-10-01T13:30:00Z,60.95,61.5615,60.179,60.255,13.02344486914658
2019-10-02T13:30:00Z,59.849,59.8495,58.5645,58.8315,14.906694320284211
2019-10-03T13:30:00Z,59,59.453,58.1215,59.3915,16.93355389099171
2019-10-04T13:30:00Z,59.5945,60.572,59.4585,60.45,17.29316346208942
2019-10-07T13:30:00Z,60.22,60.91018,60.1875,60.384,17.224766909282398
2019-10-08T13:30:00Z,59.8795,60.304,59.4505,59.4565,17.745615871561323
2019-10-09T13:30:00Z,59.9675,60.4175,59.8815,60.1155,18.087324949551142
2019-10-10T13:30:00Z,59.929,60.75,59.867,60.4335,17.98510423951429
2019-10-11T13:30:00Z,61.1105,61.4195,60.687,60.7725,17.10563658334416
2019-10-14T13:30:00Z,60.617,61.3165,60.588,60.857,16.388518458502205
2019-10-15T13:30:00Z,61.02,62.3665,61.02,62.1505,15.817262759122015
2019-10-16T13:30:00Z,62.0585,62.737,61.9225,62.182,15.627117895472686
2019-10-17T13:30:00Z,62.5465,63.16625,62.497,62.6535,15.828543311268483
2019-10-18T13:30:00Z,62.673,62.9445,62.054,62.2745,15.478946835798467
2019-10-21T13:30:00Z,62.613,62.731435,62.03,62.3075,15.12510642377672
2019-10-22T13:30:00Z,62.3925,62.53,62.069,62.14,14.796540326899382
2019-10-23T13:30:00Z,62.118,62.9945,62.118,62.9565,14.979932598907705
2019-10-24T13:30:00Z,63.045,63.2,62.68575,63.0495,15.357621268215569
2019-10-25T13:30:00Z,62.5515,63.48,62.5005,63.2565,15.987563330956277
2019-10-28T13:30:00Z,63.7725,64.9655,63.627,64.5,17.757669350875137
2019-10-29T13:30:00Z,63.8115,64.0795,62.860595,63.131,18.31135318863862
2019-10-30T13:30:00Z,62.6485,63.468,62.6,63.0645,18.48321252570024
2019-10-31T13:30:00Z,63.064,63.3835,62.54214,63.0055,18.564791554800543
2019-11-01T13:30:00Z,63.25,63.731,63.025,63.687,18.95789128382143
2019-11-04T14:30:00Z,63.8225,64.7065,63.81775,64.5685,20.099491149455098
2019-11-05T14:30:00Z,64.6445,64.9465,64.561445,64.6015,21.32940055496546
2019-11-06T14:30:00Z,64.473,64.6865,64.125,64.59,21.816270970618408
2019-11-07T14:30:00Z,64.714,66.187,64.71225,65.443,23.286030555167432
2019-11-08T14:30:00Z,65.264,65.9,65.21825,65.5685,24.650807312248666
2019-11-11T14:30:00Z,65.159,65.32125,64.8705,64.9595,25.403475101373473
2019-11-12T14:30:00Z,65,65.5,64.7885,64.94,26.22851241885173
2019-11-13T14:30:00Z,64.7035,65.215,64.6755,64.9,26.816471215224624
2019-11-14T14:30:00Z,64.875,65.85,64.7825,65.573,27.827148319334466
2019-11-15T14:30:00Z,65.947,66.744,65.71398,66.7435,29.317256680362647
2019-11-18T14:30:00Z,66.611,66.77644,65.875,66.035,30.71956960175757
2019-11-19T14:30:00Z,66.385,66.385,65.64,65.773,31.61568079406013
2019-11-20T14:30:00Z,65.587,65.75,64.5575,65.1525,30.81881874450708
2019-11-21T14:30:00Z,65.074,65.6295,64.65,65.0675,30.078875412779247
2019-11-22T14:30:00Z,65.281,65.4365,64.5705,64.767,29.276685891180342
2019-11-25T14:30:00Z,64.959,65.5655,64.9065,65.3345,28.664199688568686
2019-11-26T14:30:00Z,65.493,65.74,65.2545,65.6775,28.277869100665047
2019-11-27T14:30:00Z,65.75,65.918,65.4815,65.6495,28.106432554132617
2019-11-29T14:30:00Z,65.356,65.51025,65.1985,65.248,27.45030921084513
2019-12-02T14:30:00Z,65.05,65.2915,64.05,64.496,25.790706277782423
2019-12-03T14:30:00Z,63.9785,64.92305,63.95,64.764,24.372223519366496
2019-12-04T14:30:00Z,65.3505,66.29,65.2435,66.027,23.786782161969544
2019-12-05T14:30:00Z,66.4,66.467895,65.822,66.4065,23.413310256457624
2019-12-06T14:30:00Z,66.672,67.2,66.672,67.031,23.717232983644525
2019-12-09T14:30:00Z,66.902,67.9725,66.892,67.178,24.582110125709562
2019-12-10T14:30:00Z,67.075,67.49875,66.802,67.233,25.24984841281399
2019-12-11T14:30:00Z,67.542,67.56,67.1335,67.251,25.917660133802574
2019-12-12T14:30:00Z,67.297,67.78875,67.025,67.5135,26.720512649244764
2019-12-13T14:30:00Z,67.3975,67.654655,67.1935,67.3915,27.466018556441078
2019-12-16T14:30:00Z,67.825,68.234,67.6335,68.0585,28.6208851927685
2019-12-17T14:30:00Z,68.1445,68.25,67.566155,67.756,29.56258213654498
2019-12-18T14:30:00Z,67.83,68.0235,67.55,67.631,30.403795072503087
2019-12-19T14:30:00Z,67.591,67.905,67.44925,67.802,30.967334608632157
2019-12-20T14:30:00Z,68.1675,68.182,67.45,67.4795,31.75501702087797
2019-12-23T14:30:00Z,67.7935,67.989995,67.3255,67.442,32.200256484256116
2019-12-24T14:30:00Z,67.425,67.513,67.139,67.178,32.18458045186263
2019-12-26T14:30:00Z,67.3085,68.066345,67.2235,68.02,32.7633544783788
2019-12-27T14:30:00Z,68.1495,68.2265,67.4655,67.5945,33.4571870987733
2019-12-30T14:30:00Z,67.5,67.65,66.701,66.807,32.48734046249929
2019-12-31T14:30:00Z,66.5055,66.9,66.45425,66.851,31.139370715415627
2020-01-02T14:30:00Z,67.0775,68.407,67.0775,68.3685,31.465797821950662
2020-01-03T14:30:00Z,67.393,68.625,67.27718,68.033,31.944867655519797
2020-01-06T14:30:00Z,67.5,69.825,67.5,69.7105,33.20716078273714
2020-01-07T14:30:00Z,69.897,70.1495,69.519,69.667,34.56335829454199
2020-01-08T14:30:00Z,69.604,70.579,69.542,70.216,36.054717431108315
2020-01-09T14:30:00Z,71.0285,71.3665,70.5135,70.9915,37.81606477875039
2020-01-10T14:30:00Z,71.378,71.74646,70.9175,71.4865,39.61410633434866
2020-01-13T14:30:00Z,71.8065,72.026,71.301,71.9615,41.39969194391692
2020-01-14T14:30:00Z,71.9505,72.09,71.4185,71.544,43.08478354979558
2020-01-15T14:30:00Z,71.5105,72.06975,71.5105,71.96,44.64951146954005
2020-01-16T14:30:00Z,72.372,72.5995,72.046,72.585,46.33541841092276
2020-01-17T14:30:00Z,73.1455,74.06477,72.911,74.0195,48.39346934305244
2020-01-21T14:30:00Z,73.956,74.5925,73.56,74.22,50.44244710656173
2020-01-22T14:30:00Z,74.55,75.160715,74.2465,74.2975,52.480386145172965
2020-01-23T14:30:00Z,74.382,74.776,74.105,74.3325,54.09554267165439
2020-01-24T14:30:00Z,74.6795,74.77475,73.2625,73.3355,54.06863142060142
2020-01-27T14:30:00Z,71.55,71.9035,71.06,71.695,51.23529984175269
2020-01-28T14:30:00Z,72.15,72.8,71.6235,72.628,49.220738991502486
2020-01-29T14:30:00Z,72.94,73.2715,72.337,72.9315,47.64704028639844
2020-01-30T14:30:00Z,71.998,72.864,71.82,72.792,45.64101869195588
2020-01-31T14:30:00Z,73.445,73.5065,71.4265,71.7115,44.20509323316031
2020-02-03T14:30:00Z,73.1,74.5,72.9495,74.297,43.457248856018616
2020-02-04T14:30:00Z,72.8535,73.475,71.315,72.3535,41.20374573332745
2020-02-05T14:30:00Z,73.121,73.192,71.528,72.4115,39.11120711939994
2020-02-06T14:30:00Z,72.5165,74.099985,72.4785,73.8115,37.76682060053259
2020-02-07T14:30:00Z,73.365,74.292,73.3175,73.9615,36.639217481750265
2020-02-10T14:30:00Z,73.716,75.475,73.716,75.434,36.279626326420775
2020-02-11T14:30:00Z,75.5905,76.4815,75.28189,75.4395,36.44183376412492
2020-02-12T14:30:00Z,75.724,76.03475,75.4055,75.9135,36.59245495627877
2020-02-13T14:30:00Z,75.6345,76.359,75.23,75.733,36.89276647262055
2020-02-14T14:30:00Z,75.78,76.037,75.367,76.037,37.17162716636649
2020-02-18T14:30:00Z,75.75,76.5815,75.6295,75.9835,37.71161927027505
2020-02-19T14:30:00Z,76.2535,76.605315,76.07,76.3345,38.225360095303316
2020-02-20T14:30:00Z,76.1,76.482,75.341,75.9075,37.73694491954839
2020-02-21T14:30:00Z,75.4015,75.61075,74.022,74.2555,35.84002847840329
2020-02-24T14:30:00Z,71.3055,71.8485,70.5695,71.0795,34.88315023146691
2020-02-25T14:30:00Z,71.65,71.907,69.12,69.4225,34.660994298044315
2020-02-26T14:30:00Z,69.807,70.785,68.95,69.659,34.527639683050424
2020-02-27T14:30:00Z,68.103,68.585185,65.8585,65.9045,35.4918681884446
2020-02-28T14:30:00Z,63.875,67.057,63.55,66.9665,36.95955984851067
2020-03-02T14:30:00Z,67.5805,69.5435,66.34075,69.4555,36.6315913248891
2020-03-03T14:30:00Z,69.971,70.5075,66.6,67.0695,35.76386700619781
2020-03-04T14:30:00Z,67.9615,69.4045,67.1555,69.326,34.958122995984475
2020-03-05T14:30:00Z,67.51,67.9455,65.255,65.952,34.85650304486633
2020-03-06T14:30:00Z,63.853,65.311,63.0525,64.9205,35.379944208575424
2020-03-09T13:30:00Z,60.265,62.737995,60,60.778,36.53764154850537
2020-03-10T13:30:00Z,63,64.0575,60.9385,64.0195,36.85055887341676
2020-03-11T13:30:00Z,62.485,63.048,59.8035,60.7705,37.39942906888981
2020-03-12T13:30:00Z,56.3,59.6935,55.665,55.7455,38.67679002582691
2020-03-13T13:30:00Z,58.95,60.988,55.85716,60.9865,39.18328012528526
2020-03-16T13:30:00Z,54.8,57.613325,53.722,54.2165,40.03382802877128
2020-03-17T13:30:00Z,54.6555,56.543,52.8005,55.99,40.97604836760716
2020-03-18T13:30:00Z,52.8255,55.325,51.864,54.84,42.003240119220195
2020-03-19T13:30:00Z,54.6525,57.898495,53.005375,55.7645,41.63822855200349
2020-03-20T13:30:00Z,56.786,57.1995,53.2745,53.616,41.299289239587985
2020-03-23T13:30:00Z,53.066,53.566,50.676805,52.831,41.535110599574125
2020-03-24T13:30:00Z,55.1885,56.75,54.531,56.723,40.32009729064653
2020-03-25T13:30:00Z,56.3235,57.445,54.3005,55.1245,38.91075766274293
2020-03-26T13:30:00Z,55.59,58.4985,54.6765,58.0875,37.17949394041904
2020-03-27T13:30:00Z,56.2835,57.53351,55.2955,55.5355,35.57189191254687
2020-03-30T13:30:00Z,56.252,57.5815,54.824,57.341,34.230472303449105
2020-03-31T13:30:00Z,57.365,58.7655,56.907,58.1405,32.45988380711493
2020-04-01T13:30:00Z,56.1,56.4845,54.8725,55.281,31.4904635219663
2020-04-02T13:30:00Z,54.913,56.343,54.82,56.042,30.607033031189363
2020-04-03T13:30:00Z,55.95075,56.177,53.9905,54.894,30.057494836810474
2020-04-06T13:30:00Z,56.9,59.733,56.547,59.346,27.985295884550066
2020-04-07T13:30:00Z,61.05,61.25,59.1115,59.3255,26.45692236208303
2020-04-08T13:30:00Z,60.325,60.9535,59.408,60.514,25.037718376935068
2020-04-09T13:30:00Z,61.204,61.2785,59.836755,60.5725,23.842838794812504
2020-04-13T13:30:00Z,60.459,61.0255,59.37992,60.878,22.52335874398206
2020-04-14T13:30:00Z,62.2545,64.1035,61.8465,63.4615,22.410135727775966
2020-04-15T13:30:00Z,62.2805,64.023,62.02,63.1235,22.30500006987031
2020-04-16T13:30:00Z,63.705,63.95,62.131,63.1735,22.207374101815056
2020-04-17T13:30:00Z,64.2425,64.7215,63.5615,64.1625,22.393324682259248
2020-04-20T13:30:00Z,63.55,64.08,63.0685,63.3305,22.275295804187163
2020-04-21T13:30:00Z,62.35,62.7135,60.4855,60.817,20.825526850282703
2020-04-22T13:30:00Z,62.277,64.280665,62.1,63.1605,20.12467603063353
2020-04-23T13:30:00Z,63.5775,64.6655,63.2835,63.8155,19.625134752790323
2020-04-24T13:30:00Z,63.0585,64.02,62.4725,63.9655,18.74723820374935
2020-04-27T13:30:00Z,64.8,64.8075,63.45,63.794,18.268654401082994
2020-04-28T13:30:00Z,64.3965,64.4025,61.61,61.6835,17.011195183254298
2020-04-29T13:30:00Z,67.073,67.9995,66.267,67.074,17.134879518255143
2020-04-30T13:30:00Z,66.244,67.641,66.1245,67.433,17.18053595943086
2020-05-01T13:30:00Z,66.425,67.603475,65.55,66.0305,16.935158286838316
2020-05-04T13:30:00Z,65.4115,66.383,64.95,66.34,16.40629576844485
2020-05-05T13:30:00Z,66.896,68.697,66.873,67.5555,16.776970002584466
2020-05-06T13:30:00Z,68.0845,68.555995,67.3645,67.365,17.12116750571411
2020-05-07T13:30:00Z,68.297,68.88,67.7635,68.628,17.5594875317872
2020-05-08T13:30:00Z,69.1565,69.938,68.774,69.4185,18.34675126420356
2020-05-11T13:30:00Z,68.914,70.8265,68.8576,70.163,19.378930015424835
2020-05-12T13:30:00Z,70.356,70.75,68.7385,68.787,20.2572304617841
2020-05-13T13:30:00Z,68.8525,69.27411,66.42,67.4665,19.6574088453074
2020-05-14T13:30:00Z,66.751,67.871,66.1955,67.8065,18.97698573824245
2020-05-15T13:30:00Z,67.5,68.724,66.95,68.6595,18.726849241827466
2020-05-18T13:30:00Z,68.0875,69.61625,67.7125,69.197,18.873587349588377
2020-05-19T13:30:00Z,69.349825,69.6,68.67425,68.67425,19.00984416393779
2020-05-20T13:30:00Z,69.479,70.521,69.3625,70.336,19.531884893344223
2020-05-21T13:30:00Z,70.4,70.7745,69.6725,70.14,20.123466724431776
2020-05-22T13:30:00Z,69.8355,70.638,69.5915,70.521,20.609466936098315
2020-05-26T13:30:00Z,71.8635,72.05,70.6065,70.851,21.662105224036793
2020-05-27T13:30:00Z,70.8625,71.087,69.5645,70.892,21.828611833684448
2020-05-28T13:30:00Z,69.843,72.042,69.8,70.8365,22.398342771951615
2020-05-29T13:30:00Z,70.847,71.6285,70.6675,71.446,22.9273786431997
2020-06-01T13:30:00Z,70.9195,71.898,70.9,71.591,23.541036056013496
2020-06-02T13:30:00Z,71.5275,71.9805,70.9415,71.961,24.14991612317006
2020-06-03T13:30:00Z,71.915,72.32761,71.48886,71.819,24.88472399038969
2020-06-04T13:30:00Z,71.52,71.948,70.2365,70.609,24.41997525400918
2020-06-05T13:30:00Z,70.6585,72.2525,70.3,71.9195,24.165247753897336
2020-06-08T13:30:00Z,71.117,72.3995,71.117,72.3305,24.016473279804732
2020-06-09T13:30:00Z,72.268,73.4,72.1605,72.808,24.446887446893808
2020-06-10T13:30:00Z,72.977,73.71295,72.8135,73.2925,25.01279440674192
2020-06-11T13:30:00Z,72.124,72.72375,70.1,70.192,23.297314103041437
2020-06-12T13:30:00Z,71.4245,71.85,69.301,70.659,22.066362718887465
2020-06-15T13:30:00Z,69.54,71.239995,69.396,70.9925,20.92333643360163
2020-06-16T13:30:00Z,72.261,72.751,71.295005,72.136,20.002795529070134
2020-06-17T13:30:00Z,72.358,73,71.569,72.556,19.299407569012462
2020-06-18T13:30:00Z,72.458,72.5705,71.3505,71.798,18.47853895994347
2020-06-19T13:30:00Z,72.2,72.39,71.067505,71.586,17.49396169904917
2020-06-22T13:30:00Z,71.45,72.6375,71.1605,72.593,16.75993858791605
2020-06-23T13:30:00Z,72.782,73.79705,72.262,73.2205,16.85928240601614
2020-06-24T13:30:00Z,73.0755,73.771,71.4875,71.5985,16.292098957280892
2020-06-25T13:30:00Z,71.495,72.145,71,72.0665,15.37408432165365
2020-06-26T13:30:00Z,71.5695,71.6725,67.5995,67.995,16.05646713193916
2020-06-29T13:30:00Z,67.909,69.78,67.3505,69.7485,16.803618042501835
2020-06-30T13:30:00Z,69.522,70.9325,69.198,70.6805,16.634895828759692
2020-07-01T13:30:00Z,70.555,72.15,70.491,71.902,15.67757462787476
2020-07-02T13:30:00Z,72.347,74.1475,72.321,73.235,15.414686475946995
2020-07-06T13:30:00Z,74.003,75.3295,73.643,74.785,15.710748639545393
2020-07-07T13:30:00Z,74.5,75.84,74.1775,74.259,16.206490743711875
2020-07-08T13:30:00Z,74.716,75.293995,74.2815,74.8,16.666822697580745
2020-07-09T13:30:00Z,75.3225,76.136,74.40425,75.5495,17.47263885060204
2020-07-10T13:30:00Z,75.3075,77.1915,74.827,77.087,18.656436423567644
2020-07-13T13:30:00Z,77.5,78.85658,75.262135,75.567,20.347849106872733
2020-07-14T13:30:00Z,74.5155,76.1475,74.175,76.029,21.09284144823307
2020-07-15T13:30:00Z,76.1565,76.7665,74.9,75.682,22.01914579415563
2020-07-16T13:30:00Z,75,75.9345,74.3155,75.9,22.438661754414184
2020-07-17T13:30:00Z,76.081,76.172,74.921,75.7775,22.92987282837035
2020-07-20T13:30:00Z,75.763,78.5145,75.18,78.286,24.261051136829643
2020-07-21T13:30:00Z,79.3495,79.3495,77.714,77.921,25.75751578048019
2020-07-22T13:30:00Z,78.025,78.5,77.305,78.4245,26.816651553904542
2020-07-23T13:30:00Z,78.3485,78.5935,75.36959,75.784,26.3975559545841
2020-07-24T13:30:00Z,74.9465,75.88181,74.42,75.5935,25.41463102353603
2020-07-27T13:30:00Z,75.78,77.0485,75.7605,76.51,25.022084220223267
2020-07-28T13:30:00Z,76.259,76.324,74.883,75.017,24.115819907432474
2020-07-29T13:30:00Z,75.316,76.56261,75.0665,76.101,23.388156752325457
2020-07-30T13:30:00Z,74.85,76.8935,74.611,76.5725,22.41921158151193
2020-07-31T13:30:00Z,75.2505,75.4475,72.7015,74.148,21.213847767954324
2020-08-03T13:30:00Z,74.332,74.5235,73.282,73.7225,20.094581369650836
2020-08-04T13:30:00Z,73.8285,74.278,72.9325,73.2485,19.24988072319097
2020-08-05T13:30:00Z,73.465,74.1205,73.173,73.6805,18.465515837192516
2020-08-06T13:30:00Z,73.5875,75.1195,73.3,75.005,17.230892183238073
2020-08-07T13:30:00Z,75,75.84225,74.082,74.7245,16.533880929407637
2020-08-10T13:30:00Z,74.359,75.20375,73.654,74.805,15.587106842992984
2020-08-11T13:30:00Z,74.622,75.5,73.9,74.016,14.903230539668485
2020-08-12T13:30:00Z,74.279,75.619295,74.2625,75.331,14.349493737362693
2020-08-13T13:30:00Z,75.517,76.8625,75.40025,75.9225,14.628758591260729
2020-08-14T13:30:00Z,75.783,76.095,75.144,75.3865,14.669551933101449
2020-08-17T13:30:00Z,75.7335,76.2805,75.3985,75.899,14.827175510379167
2020-08-18T13:30:00Z,76.309,78.1235,76.1855,77.93,16.01015611481214
2020-08-19T13:30:00Z,77.6655,78.684,77.1975,77.3765,17.373715463830152
2020-08-20T13:30:00Z,77.1725,79.2935,76.91,79.0875,18.916020075244106
2020-08-21T13:30:00Z,78.8515,79.886,78.40025,79.021,20.604070086319183
2020-08-24T13:30:00Z,79.699,80.7085,79.0285,79.41,22.502612072443025
2020-08-25T13:30:00Z,79.1035,80.581,79.1035,80.411,24.265543916700878
2020-08-26T13:30:00Z,80.4,82.961,80.18,82.619,26.706333038988088
2020-08-27T13:30:00Z,82.684,82.75,81.2875,81.7165,28.97278008111193
2020-08-28T13:30:00Z,81.6745,82.358495,81.5375,82.2205,31.077338048798353
2020-08-31T13:30:00Z,82.3945,82.39825,81.5155,81.709,33.044708266352536
2020-09-01T13:30:00Z,81.8315,83.2865,81.611,83.0355,35.15598615570191
2020-09-02T13:30:00Z,83.68877,86.658995,83.316505,86.414,37.87074672304821
2020-09-03T13:30:00Z,85.485715,85.485715,80.753,82.092,38.06935573389453
2020-09-04T13:30:00Z,81.213,82.2555,77.380625,79.552,36.14295317062655
2020-09-08T13:30:00Z,76.6755,78.19325,76.4005,76.6195,33.864493610446104
2020-09-09T13:30:00Z,77.8765,78.45,76.802555,77.848,31.865801622461415
2020-09-10T13:30:00Z,78.032,79.20405,76.29025,76.601,30.354980845071395
2020-09-11T13:30:00Z,76.8,78.76,74.868,76.036,28.205329647575063
2020-09-14T13:30:00Z,76.95025,78.199995,75.787,75.964,26.20922496418561
2020-09-15T13:30:00Z,76.8,77.9785,76.59175,77.072,24.355699186752542
2020-09-16T13:30:00Z,77.777,78.1,75.991,76.045,22.937269452482756
2020-09-17T13:30:00Z,74.8,75.41492,73.500005,74.7765,22.812882395913583
2020-09-18T13:30:00Z,74.9005,75.15016,71.8565,72.9995,23.31939733914988
2020-09-21T13:30:00Z,72.003,72.418,70.3275,71.558,24.288806571118183
2020-09-22T13:30:00Z,72.5045,73.476,71.7265,73.273,24.512899439536078
2020-09-23T13:30:00Z,72.939,73.048,70.385,70.7605,25.168190737045403
2020-09-24T13:30:00Z,70.5515,72.18544,70.4925,71.4145,25.776675513304063
2020-09-25T13:30:00Z,71.6315,72.5,70.667,72.248,26.122806793673075
2020-09-28T13:30:00Z,73.7105,73.84,72.46506,73.226,25.556412266274712
2020-09-29T13:30:00Z,73.5195,73.83316,72.94025,73.4665,25.03047449083338
2020-09-30T13:30:00Z,73.34,74.4875,72.994,73.48,24.110421223083318
2020-10-01T13:30:00Z,74.2135,74.952,73.9605,74.5045,22.954727451590795
2020-10-02T13:30:00Z,73.1015,74.16,72.546,72.921,22.603818383525606
2020-10-05T13:30:00Z,73.3105,74.4105,73.2135,74.301,22.10499760157829
2020-10-06T13:30:00Z,73.779,74.338,72.429505,72.672,22.03160688248622
2020-10-07T13:30:00Z,73.2145,73.448,71.8,73.0145,22.26202574644174
2020-10-08T13:30:00Z,73.2545,74.5,73.2545,74.2965,21.697399949468426
2020-10-09T13:30:00Z,74.735,75.826,74.4725,75.761,20.310148408325553
2020-10-12T13:30:00Z,77.15,79.693,76.6285,78.4575,20.516882270652264
2020-10-13T13:30:00Z,79.1865,79.5,78.16,78.584,20.708849428527067
2020-10-14T13:30:00Z,78.9295,79.384205,77.5265,78.404,20.489376607218947
2020-10-15T13:30:00Z,77.3575,78.75525,77.2515,77.9565,20.111723658363022
2020-10-16T13:30:00Z,78.2925,79.0565,78.15,78.6505,19.90537051993544
2020-10-19T13:30:00Z,79.023,79.4075,76.4,76.7305,18.627535036904494
2020-10-20T13:30:00Z,76.3525,78.875,76.2835,77.7965,17.373826691182792
2020-10-21T13:30:00Z,78.6665,80.9365,78.581505,79.6655,17.265133905008927
2020-10-22T13:30:00Z,79.6525,81.0995,79.25,80.7665,17.239693867981828
2020-10-23T13:30:00Z,81.3035,82.118,81.0255,82.05,17.67857727185984
2020-10-26T13:30:00Z,81.2505,81.912,78.825,79.5225,16.7334119762824
2020-10-27T13:30:00Z,79.7835,80.34225,79.139,80.213,15.85575848753192
2020-10-28T13:30:00Z,77.987,78.0675,75.731,75.831,16.01788632451699
2020-10-29T13:30:00Z,76.118,79.6855,76.112,78.362,15.328902361489257
2020-10-30T13:30:00Z,83.6055,84.35,80.223,81.0505,15.57200300900877
2020-11-02T14:30:00Z,81.408,83.0385,80.8015,81.3015,15.797739324562604
2020-11-03T14:30:00Z,81.589,83.085,80.831005,82.5105,16.02314758198564
2020-11-04T14:30:00Z,85.514,88.56825,85.301505,87.4565,17.719173901965032
2020-11-05T14:30:00Z,89.05,89.682,87.5255,88.1685,19.522890671547756
2020-11-06T14:30:00Z,87.6975,88.6215,87.0175,88.0875,20.937754328961198
2020-11-09T14:30:00Z,89.545,90.903,88.001,88.15,22.7266988264931
2020-11-10T14:30:00Z,86.5545,88.15,85.865,87.0195,23.34988554070478
2020-11-11T14:30:00Z,87.5,88.211,87.36825,87.6355,23.943503025702693
2020-11-12T14:30:00Z,87.3815,88.4135,87.28,87.492,24.547406962482647
2020-11-13T14:30:00Z,87.8815,89.052,87.2275,88.851,25.278894801926853
2020-11-16T14:30:00Z,88.585,89.9535,88.3845,89.069,26.195762916122018
2020-11-17T14:30:00Z,88.847,89.25,88.35,88.5075,27.026441843104116
2020-11-18T14:30:00Z,88.2615,88.6735,87.307,87.339,27.16830650017294
2020-11-19T14:30:00Z,86.919,88.479485,86.85025,88.196,27.030287990661666
2020-11-20T14:30:00Z,88.2605,88.7,87.093,87.1095,26.982186181363062
2020-11-23T14:30:00Z,87.48,87.695,85.886,86.743,26.204711546917647
2020-11-24T14:30:00Z,86.525,88.58,86.3845,88.444,25.843847731437354
2020-11-25T14:30:00Z,88.6445,88.927,87.827,88.5715,25.64848447146743
2020-11-27T14:30:00Z,88.6545,90.2,88.622,89.6595,25.957347945343983
2020-11-30T14:30:00Z,89.05922,89.40325,87.75,88.037,25.67057702702894
2020-12-01T14:30:00Z,88.7185,91.2415,88.4685,89.905,26.09012455152051
2020-12-02T14:30:00Z,89.905,91.7825,89.473625,91.3975,26.6631818804231
2020-12-03T14:30:00Z,91.2005,92.36,91.1325,91.3385,27.389919372922762
2020-12-04T14:30:00Z,91.226,91.658,90.8495,91.3995,27.856000267622438
2020-12-07T14:30:00Z,90.95,91.6185,90.289,90.974,27.872043274387654
2020-12-08T14:30:00Z,90.505,91.095,89.810235,90.9275,27.53441404845423
2020-12-09T14:30:00Z,90.6005,91.7135,88.3905,89.2065,26.25708634593023
2020-12-10T14:30:00Z,88.49,89.0655,87.016,88.7665,24.49519897292472
2020-12-11T14:30:00Z,88.153,89.2225,88,89.0885,22.76878141977883
2020-12-14T14:30:00Z,88.75,89.8695,87.86075,88.003,21.494561454129947
2020-12-15T14:30:00Z,88.221,88.571,87.4975,88.3885,20.0812755060324
2020-12-16T14:30:00Z,88.644,88.65,87.804,88.15,18.819056603527955
2020-12-17T14:30:00Z,88.4255,88.58918,86.933,87.395,17.874243844931986
2020-12-18T14:30:00Z,87.709,87.7555,86.011,86.5505,17.548451222083074
2020-12-21T14:30:00Z,85.6755,87.0425,84.95,86.9685,17.815772774529094
2020-12-22T14:30:00Z,86.7215,86.87025,85.62875,86.175,18.06399993037183
2020-12-23T14:30:00Z,86.4055,87.3995,86.252,86.619,17.856553414806502
2020-12-24T14:30:00Z,86.75,87.3,86.4555,86.9425,17.66392450749584
2020-12-28T14:30:00Z,87.58175,89.53638,87.31675,88.8045,16.95252217365193
2020-12-29T14:30:00Z,89.3895,89.622,87.8045,87.936,16.34546209669823
2020-12-30T14:30:00Z,88.1005,88.25475,86.28,86.976,15.617702889117858
2020-12-31T14:30:00Z,86.771,87.9465,86.771,87.594,14.941926482078943
2021-01-04T14:30:00Z,87.877,88.0325,85.3925,86.412,15.1441820450577
2021-01-05T14:30:00Z,86.25,87.3835,85.90075,87.046,15.331990782109402
2021-01-06T14:30:00Z,85.1315,87.4,84.95,86.7645,16.035545171135887
2021-01-07T14:30:00Z,87.003,89.42,86.8525,89.3625,15.160622425323233
2021-01-08T14:30:00Z,89.399,90.492,88.67675,90.3605,14.466937414285166
2021-01-11T14:30:00Z,89.3035,89.71575,88.026005,88.336,13.458448671265764
2021-01-12T14:30:00Z,87.696,88.902,86.2655,87.3275,13.504686472944204
2021-01-13T14:30:00Z,86.929,88.25175,86.9005,87.72,13.547621574502758
2021-01-14T14:30:00Z,87.681,88.7505,86.67,87.009,13.233827920713459
2021-01-15T14:30:00Z,86.9095,87.8,86.0775,86.8095,13.283727762006967
2021-01-19T14:30:00Z,87.6125,90.46375,87.073,89.543,12.991394868765893
2021-01-20T14:30:00Z,91.573,95.1855,91.2765,94.345,14.531232055776
2021-01-21T14:30:00Z,94.9,96.743,94.3555,94.5625,16.38298044961694
2021-01-22T14:30:00Z,94.784,95.5475,94.088,95.0525,17.937749540894313
2021-01-25T14:30:00Z,96.0335,96.479,93.3765,94.97,19.63768899857988
2021-01-26T14:30:00Z,94.442,96.25,94.21225,95.862,21.21620420928791
2021-01-27T14:30:00Z,94.1265,94.5,90.45,91.5395,20.519135361624176
2021-01-28T14:30:00Z,92.197,94.9415,92.132,93.1555,20.03811843026051
2021-01-29T14:30:00Z,92.3085,92.864,90.51,91.787,18.825766434850593
2021-02-01T14:30:00Z,92.6785,96.11959,92.5465,95.0675,18.87144327916152
2021-02-02T14:30:00Z,96.128,97.788,95.7245,96.3755,19.405115940278446
2021-02-03T14:30:00Z,103.65,105.825,100.919,103.5035,21.515930533058736
2021-02-04T14:30:00Z,103.4445,103.9275,102.1295,103.1185,23.475972654926142
2021-02-05T14:30:00Z,103.5,105.1255,102.9665,104.9,25.479767648274347
2021-02-08T14:30:00Z,105.2955,106.177345,103.6,104.6455,27.497920933873438
2021-02-09T14:30:00Z,103.927,105.2565,103.927,104.1755,29.37192041335831
2021-02-10T14:30:00Z,104.7105,105.4185,103.1545,104.769,30.702482094022965
2021-02-11T14:30:00Z,104.9755,105.1015,103.866,104.7945,31.93800365464014
2021-02-12T14:30:00Z,104.5125,105.441,104.1565,105.2055,33.15456943498583
2021-02-16T14:30:00Z,105.218,107.634,105.218,106.095,34.70295096965029
2021-02-17T14:30:00Z,105,106.683,104.946,106.4155,35.97360442280381
2021-02-18T14:30:00Z,105.5195,106.63675,105.1855,105.86,37.15349691501779
2021-02-19T14:30:00Z,105.9635,106.5265,104.8705,105.057,38.03242872132757
2021-02-22T14:30:00Z,103.35,104.571,103.107,103.244,37.705297579280305
2021-02-23T14:30:00Z,101.2505,104.1005,100.101,103.543,35.8354566323164
2021-02-24T14:30:00Z,102.0915,105.039,101.9065,104.7585,34.42998172004868
2021-02-25T14:30:00Z,103.3725,104.744,101.0645,101.568,32.72545766068522
2021-02-26T14:30:00Z,102.526,103.550495,100.803,101.843,31.017535314535355
2021-03-01T14:30:00Z,102.826,104.326,102.305,104.0755,29.745360911317036
2021-03-02T14:30:00Z,103.8095,105.2185,103.563,103.792,28.913334073791226
2021-03-03T14:30:00Z,103.3605,104.4259,100.5,101.3355,27.009240000930983
2021-03-04T14:30:00Z,101.1685,104.462,101.0135,102.4545,25.225210514019796
2021-03-05T14:30:00Z,103.656,105.9055,102.32075,105.427,23.904358074443863
2021-03-08T14:30:00Z,105.0565,106.4405,101.0805,101.2085,22.277384409132495
2021-03-09T14:30:00Z,103.5,103.902,102.3915,102.635,20.766623148486225
2021-03-10T14:30:00Z,103.588,103.75,101.6685,102.7515,19.698716276924657
2021-03-11T14:30:00Z,103.703,106.285,103.619,105.7385,19.02419548233402
2021-03-12T14:30:00Z,104.25,104.513,102.3775,103.096,17.813789812645105
2021-03-15T13:30:00Z,103.115,103.353,102.1755,103.3245,16.596305967341348
2021-03-16T13:30:00Z,103.9495,106.178,103.5,104.626,16.61348005902676
2021-03-17T13:30:00Z,103.8015,105.489,102.7,104.554,16.236708877768038
2021-03-18T13:30:00Z,103.05,103.775,101.6775,101.811,15.403068259313304
2021-03-19T13:30:00Z,102.1025,102.655,100.884,102.16,14.338072022868156
2021-03-22T13:30:00Z,102.092,102.8995,101.3035,101.9295,13.392116363749887
2021-03-23T13:30:00Z,102.585,103.615125,101.961,102.648,12.848878286550445
2021-03-24T13:30:00Z,103.2685,103.9105,102.07775,102.253,12.483419197107011
2021-03-25T13:30:00Z,102.2405,102.9435,100.5365,102.218,11.839587260618014
2021-03-26T13:30:00Z,101.943,102.5495,100.701005,101.7775,11.241743319592516
2021-03-29T13:30:00Z,101.394,102.9215,100.781,102.7975,10.477566156904592
2021-03-30T13:30:00Z,102.8815,103.539,102.2015,102.777,10.035999917082936
2021-03-31T13:30:00Z,102.956,104.666365,102.83725,103.4315,10.216915524319575
2021-04-01T13:30:00Z,104.8975,107.147,104.8445,106.8875,11.446680270653452
2021-04-05T13:30:00Z,107.647,111.8655,107.581,111.2775,13.927505743078717
2021-04-06T13:30:00Z,111.125,111.883,110.74,111.2375,16.23509164624543
2021-04-07T13:30:00Z,111.3065,112.75,111.266515,112.484,18.5780258708786
2021-04-08T13:30:00Z,113.898,114.20025,112.884,113.272,21.066069442914202
2021-04-09T13:30:00Z,112.835,114.452,112.685695,114.294,23.42895127177411
2021-04-12T13:30:00Z,113.3125,113.766,111.92325,112.7395,25.083698275213006
2021-04-13T13:30:00Z,113.0735,113.8605,112.8045,113.3635,26.64502896117798
2021-04-14T13:30:00Z,113.758,113.8995,112.4595,112.742,27.83344709846119
2021-04-15T13:30:00Z,113.849,115.329825,113.3,114.833,29.342361778220504
2021-04-16T13:30:00Z,115.15,115.322,114.2225,114.888,30.743496837997014
2021-04-19T13:30:00Z,114.599,115.9225,114.39225,115.12,32.21393180996209
2021-04-20T13:30:00Z,115.3945,115.48,113.5855,114.6815,32.89853348675781
2021-04-21T13:30:00Z,114.2625,114.766,112.9285,114.6645,33.00404806010927
2021-04-22T13:30:00Z,114.6615,115.188105,112.8225,113.396,33.265862482533876
2021-04-23T13:30:00Z,114.1735,116.291,113.9105,115.765,33.91403413633077
2021-04-26T13:30:00Z,115.9965,117.063,115.692,116.337,34.77632943541885
2021-04-27T13:30:00Z,116.8,116.8725,115.2135,115.356,35.154741472123014
2021-04-28T13:30:00Z,120.35725,122.6189,118.7425,118.9955,36.97741469568396
2021-04-29T13:30:00Z,120.5165,121.826,120.114,121.4945,38.66989697470485
2021-04-30T13:30:00Z,120.2245,121.357,120.108,120.506,40.2367127152171
2021-05-03T13:30:00Z,120.136,120.985,119.225,119.7585,40.98195497731708
2021-05-04T13:30:00Z,118.487,118.963,115.585,117.7125,39.355190192442166
2021-05-05T13:30:00Z,118.421,119.11,117.5705,117.837,37.89885999420749
2021-05-06T13:30:00Z,117.532,119.1355,117.11691,119.0675,36.292255718098495
2021-05-07T13:30:00Z,120,120.8205,119.5,119.9345,35.44645964737757
2021-05-10T13:30:00Z,118.7445,118.9,116.7365,117.083,33.24903573050357
2021-05-11T13:30:00Z,114.593,116.1,114.15,115.438,31.57159661549413
2021-05-12T13:30:00Z,113.0855,114.2685,111.5025,111.954,30.865051654026082
2021-05-13T13:30:00Z,113.0545,113.83006,112.136,113.0985,30.208974189805755
2021-05-14T13:30:00Z,114.5915,116.057,114.166,115.808,28.60794155878042
2021-05-17T13:30:00Z,115.466,116.167,114.75,116.0705,27.074811522206442
2021-05-18T13:30:00Z,116.84528,117.1575,115.158,115.1715,25.22815865563381
2021-05-19T13:30:00Z,113.22,115.838,113.176,115.4355,24.26438505017516
2021-05-20T13:30:00Z,116.402,118.017,116.0545,117.8045,22.586175023918727
2021-05-21T13:30:00Z,118.2995,118.449995,117.1185,117.255,21.19361804510093
2021-05-24T13:30:00Z,118.35,120.924,118.0055,120.3335,20.77141863594055
2021-05-25T13:30:00Z,121,121.6445,120.1495,120.4535,20.609085505954123
2021-05-26T13:30:00Z,120.64175,122.1472,120.62575,121.6765,20.619789673819128
2021-05-27T13:30:00Z,121.847,122,120.1,120.1255,20.368471374271095
2021-05-28T13:30:00Z,121.098,121.407,120.3845,120.578,20.13510438183363
2021-06-01T13:30:00Z,121.1,121.898545,120.244,121.4905,20.106692040614114
2021-06-02T13:30:00Z,121.7655,122.1,120.21,121.064,20.159656027891074
2021-06-03T13:30:00Z,119.751,120.48725,119.1415,120.2305,19.57643340534416
2021-06-04T13:30:00Z,121.126,122.69295,120.8885,122.588,19.91528870107878
2021-06-07T13:30:00Z,122.566,123.4,122.053625,123.3045,20.479250636841357
2021-06-08T13:30:00Z,123.995,124.72475,123.412,124.1425,21.44192431036885
2021-06-09T13:30:00Z,124.975,125.25,124.3665,124.57,22.501307803841968
2021-06-10T13:30:00Z,124.7005,126.163,124.7,126.08,23.76549184386977
2021-06-11T13:30:00Z,126.246,126.3495,124.9145,125.6965,24.996500389159483
2021-06-14T13:30:00Z,125.6695,126.4115,125.047,126.352,26.159660959488036
2021-06-15T13:30:00Z,126.522,126.862,125.6485,126.033,27.390505024764362
2021-06-16T13:30:00Z,126.2475,126.5235,124.14997,125.6965,27.365014091827238
2021-06-17T13:30:00Z,125.523,127.1965,125.515,126.371,27.61386969624399
2021-06-18T13:30:00Z,125.7055,126.389,124.603,125.5675,27.182302371145102
2021-06-21T13:30:00Z,125.74,127.036745,125.13425,126.455,27.06972717038581
2021-06-22T13:30:00Z,126.45,127.27,126.0265,126.9995,27.069123025482178
2021-06-23T13:30:00Z,126.55,127.796,126.252,126.4615,27.30479960648357
2021-06-24T13:30:00Z,127.0535,127.5355,126.96,127.282,27.523642145984866
2021-06-25T13:30:00Z,126.957,127.505,126.444,126.995,27.270026575435846
2021-06-28T13:30:00Z,127,127.337,125.97378,126.8195,26.627782910015757
2021-06-29T13:30:00Z,126.7725,127,125.437,126.0185,25.579845675579243
2021-06-30T13:30:00Z,125.653565,125.8,124.7575,125.316,24.06363652632786
2021-07-01T13:30:00Z,124.84975,126.4625,124.84975,126.3685,23.11049261888563
2021-07-02T13:30:00Z,126.8395,128.848,126.769,128.719,23.533790210847933
2021-07-06T13:30:00Z,129.4495,129.8845,128.409,129.771,24.37083799364864
2021-07-07T13:30:00Z,130.341,130.639915,129.76,130.0775,25.445594376861862
2021-07-08T13:30:00Z,128.25,130.0325,128.04,129.177,25.086839865144057
2021-07-09T13:30:00Z,128.9445,129.8495,128.9435,129.5745,24.753710675691806
2021-07-12T13:30:00Z,129.8335,130.77,129.6,130.564,24.887554513138287
2021-07-13T13:30:00Z,130.8815,132.041995,130.637,130.9945,25.55671072813145
2021-07-14T13:30:00Z,131.9015,132.995995,131.898,132.0825,26.541858619251634
2021-07-15T13:30:00Z,132.5,132.595,130.598,131.2665,26.440595788666204
2021-07-16T13:30:00Z,131.641,132.183,130.8215,131.8455,26.346566017408307
2021-07-19T13:30:00Z,131.1555,131.247,128.537,129.254,24.72008911514619
2021-07-20T13:30:00Z,130.004,132.001355,129.188375,131.1015,23.607240986294986
2021-07-21T13:30:00Z,130.787,132.61725,130.6015,132.6005,22.887276454034097
2021-07-22T13:30:00Z,132.65,133.5045,132.4,133.3285,22.649211144160443
2021-07-23T13:30:00Z,135.26,138.8085,134.7005,137.816,24.20782525839428
2021-07-26T13:30:00Z,138.25,139.713,137.651005,139.6445,25.86857719659597
2021-07-27T13:30:00Z,140.011,140.011,135.1,136.7965,25.93089096647495
2021-07-28T13:30:00Z,138.562,139.676,136.35,136.3815,25.988753752791144
2021-07-29T13:30:00Z,136.3806,137.1515,136.138,136.5405,25.92153317547347
2021-07-30T13:30:00Z,135.511,135.771365,134.8142,135.221,25.12278424281091
2021-08-02T13:30:00Z,135.4845,136.0205,134.6695,135.9895,24.481168928765907
2021-08-03T13:30:00Z,136,136.3355,134.1835,136.28,23.608545054001283
2021-08-04T13:30:00Z,136.2495,136.538,135.415,136.0285,22.890708008806833
2021-08-05T13:30:00Z,136.0285,136.95,135.6,136.94,22.417485538041852
2021-08-06T13:30:00Z,136.295,137.080045,136.0465,137.036,22.041057192736307
2021-08-09T13:30:00Z,136.949,138.3215,136.42875,138.002,22.269698512748224
2021-08-10T13:30:00Z,138.0795,138.5515,137.2265,138.0965,22.584105499555385
2021-08-11T13:30:00Z,138.283,138.84775,137.35,137.6895,23.01137947630437
2021-08-12T13:30:00Z,137.713,138.418,136.779,138.3895,22.940717011759464
2021-08-13T13:30:00Z,138.3575,138.674,138.005,138.406,23.008698251529367
2021-08-16T13:30:00Z,138,138.9905,136.16575,138.916,21.6865939484504
2021-08-17T13:30:00Z,138.191,138.7185,136.7875,137.3005,20.45892566701993
2021-08-18T13:30:00Z,137.1155,138.294,136.421,136.57,19.058356877043412
2021-08-19T13:30:00Z,135.4675,137.452,135.356,136.9135,18.345768612034487
2021-08-20T13:30:00Z,137.083,138.6145,136.467,138.437,17.195132102821102
2021-08-23T13:30:00Z,138.9985,142.176995,138.74793,141.0995,17.908028824754137
2021-08-24T13:30:00Z,141.5435,143.0075,141.3535,142.3985,18.883089627419203
2021-08-25T13:30:00Z,142.883,143.313,142.4395,142.95,19.9023507215932
2021-08-26T13:30:00Z,142.6185,143.1348,142.0915,142.123,20.584642020713133
2021-08-27T13:30:00Z,142.1125,145.011,142.02,144.5505,21.91795817069209
2021-08-30T13:30:00Z,144.7045,146.489495,144.6,145.4695,23.61350418430612
2021-08-31T13:30:00Z,145.8845,146.112,145,145.462,25.187939768376292
2021-09-01T13:30:00Z,145.65,146.820495,145.6145,145.842,26.864764753927904
2021-09-02T13:30:00Z,145.9495,146.325,144.1065,144.219,27.22629113898084
2021-09-03T13:30:00Z,144.146,145.377,143.505,144.775,27.12729070084817
2021-09-07T13:30:00Z,144.7495,145.824,144.541,145.519,27.223961950018154
2021-09-08T13:30:00Z,145.3935,145.551,144.2,144.8835,27.052919181836216
2021-09-09T13:30:00Z,144.8835,145.6695,144.434,144.9135,26.950598756840126
2021-09-10T13:30:00Z,145.4435,146.019,141.7415,141.921,25.03295439472253
2021-09-13T13:30:00Z,143.201,144.191,142.2825,143.465,23.25228462989904
2021-09-14T13:30:00Z,144.161,144.7275,142.9055,143.406,21.907083618481686
2021-09-15T13:30:00Z,143.759,145.5815,142.256,145.206,21.14875910829496
2021-09-16T13:30:00Z,145.121,145.2,143.41636,144.3735,20.444600634550145
2021-09-17T13:30:00Z,143.7985,144.2495,141.0615,141.4635,19.663717680059197
2021-09-20T13:30:00Z,139.000175,139.3625,137.053,139.017,20.588141437489792
2021-09-21T13:30:00Z,140.117,140.811615,138.9055,139.6465,20.590485877106275
2021-09-22T13:30:00Z,140.0505,141.5835,139.47175,140.9385,20.168001753905298
2021-09-23T13:30:00Z,141.6095,142.252465,141.0965,141.8265,19.415453521634525
2021-09-24T13:30:00Z,140.946,142.9035,140.8505,142.633,18.371613304423917
2021-09-27T13:30:00Z,141.5855,142.5,140.5,141.501,17.571720007371265
2021-09-28T13:30:00Z,139.0885,139.6065,135.7,136.184,18.610408552419667
2021-09-29T13:30:00Z,137.10969,137.3985,134.25,134.521,19.964670435948186
2021-09-30T13:30:00Z,134.325,135.59,133,133.2655,21.53185728983624
2021-10-01T13:30:00Z,133.5545,137.071,133.3775,136.4625,22.162112929564987
2021-10-04T13:30:00Z,135.6995,135.7,131.1665,133.765,23.32298602599679
2021-10-05T13:30:00Z,134,137.362,134,136.177,23.554139394952163
2021-10-06T13:30:00Z,134.6255,137.852,134.4865,137.354,23.529455452854535
2021-10-07T13:30:00Z,138.863,140.154455,138.563,139.1855,22.46681453677945
2021-10-08T13:30:00Z,139.906,140.317,139.42934,140.056,21.410989126897935
2021-10-11T13:30:00Z,139.8,140.763625,138.8065,138.8475,20.664221508722953
2021-10-12T13:30:00Z,139.6375,139.695,136.25,136.713,20.832073997575478
2021-10-13T13:30:00Z,137.75,138.55,136.9765,137.9,20.98793702293853
2021-10-14T13:30:00Z,139.952,141.6515,139.339,141.412,19.726455434437735
2021-10-15T13:30:00Z,142.2,142.2,141.0645,141.675,18.336776413804103
2021-10-18T13:30:00Z,141.2135,142.99875,141.2135,142.9605,17.32515588759817
2021-10-19T13:30:00Z,143.2915,144.107,143.096,143.822,16.811012708948358
2021-10-20T13:30:00Z,144.2225,144.24775,141.912,142.415,15.808858699794406
2021-10-21T13:30:00Z,142.192,142.8495,141.637,142.7805,14.757800954491026
2021-10-22T13:30:00Z,140.351,141.5585,137.1705,138.625,15.236064559517434
2021-10-25T13:30:00Z,138.8105,139.2058,136.7485,138.773,15.804662854397936
2021-10-26T13:30:00Z,140.606,140.8395,139.0055,139.672,15.587493145824011
2021-10-27T13:30:00Z,139.9025,149.118,139.9025,146.4275,16.108053471870264
2021-10-28T13:30:00Z,147.299,147.4245,144.7635,146.129,16.591430917484644
2021-10-29T13:30:00Z,145.52,148.613,145.1665,148.2705,17.31568568294503
2021-11-01T13:30:00Z,148.165,148.3995,143.5795,143.774,17.38109080288377
2021-11-02T13:30:00Z,144.809385,146.9205,144.641,145.863,17.441824128541167
2021-11-03T13:30:00Z,146.275,146.9105,145.0535,146.79,17.498219359508752
2021-11-04T13:30:00Z,147.2,149.95,146.635,148.683,18.358072719144698
2021-11-05T13:30:00Z,149.3535,150.570725,148.652,149.241,19.305029061886966
2021-11-08T14:30:00Z,150,151.034495,149.12,149.3515,20.29763182429565
2021-11-09T14:30:00Z,149.746,150.3785,147.507,149.2485,20.45889036145187
2021-11-10T14:30:00Z,148.00975,148.699995,145.325,146.626,19.695651039813896
2021-11-11T14:30:00Z,147.107,148.50225,146.6945,146.748,18.986928812578633
2021-11-12T14:30:00Z,147.8315,149.8595,146.454,149.6455,18.779784628944903
2021-11-15T14:30:00Z,150,150.477,148.6525,149.388,18.786115059169113
2021-11-16T14:30:00Z,149.1705,149.8325,148.35,149.076,18.646067562627692
2021-11-17T14:30:00Z,149.229,149.626,148.563,149.062,18.516023458696367
2021-11-18T14:30:00Z,149.146,151.61,148.9985,150.709,19.082150375989002
2021-11-19T14:30:00Z,151,151.85,149.8875,149.9525,19.685801963287215
2021-11-22T14:30:00Z,150.14176,150.7445,147.0055,147.0785,18.779745080030057
2021-11-23T14:30:00Z,147.113,147.694,144.8895,146.757,17.801323031616338
2021-11-24T14:30:00Z,146.35,147,145.199,146.7175,16.89278827237502
2021-11-26T14:30:00Z,145.0155,145.29702,142.4855,142.806,17.024057671665577
2021-11-29T14:30:00Z,144.2985,146.862,144.2985,146.114,16.450624103984342
2021-11-30T14:30:00Z,145.45025,146.6285,142.066,142.452,16.645314256950396
2021-12-01T14:30:00Z,144.2125,146.499125,141.5,141.618,16.997199672484946
2021-12-02T14:30:00Z,141.824,144.675,140.982,143.7765,17.482944879813566
2021-12-03T14:30:00Z,144.4955,145.212995,141.15,142.5205,17.661922822278438
2021-12-06T14:30:00Z,143.574,144.3515,140.647,143.7965,17.999846686755248
2021-12-07T14:30:00Z,145.95,148.3,145.7025,148.0365,16.885554916120007
2021-12-08T14:30:00Z,148.3315,149.1565,147.2,148.7205,16.165840228591662
2021-12-09T14:30:00Z,148.176,149.605,147.529,148.106,15.662921369103767
2021-12-10T14:30:00Z,149.1,149.4,147.3575,148.675,15.116980913015318
2021-12-13T14:30:00Z,148.444,148.5625,146.36,146.7045,14.149757425816869
2021-12-14T14:30:00Z,144.77,145.442,142.2425,144.9705,14.547254146458593
2021-12-15T14:30:00Z,144.366,147.51725,142.7055,147.3685,14.042898021151935
2021-12-16T14:30:00Z,148.077,148.5515,144.0925,144.8385,13.175534381394897
2021-12-17T14:30:00Z,142.7145,144.460095,141.788,142.803,13.147121508189114
2021-12-20T14:30:00Z,140.679595,142.6105,140.25,142.4015,13.580612028987357
2021-12-21T14:30:00Z,143.15,144.692065,141.735,144.2205,13.155984380660572
2021-12-22T14:30:00Z,144.1,147.303,143.963,146.949,12.562631738559087
2021-12-23T14:30:00Z,147.0895,148.572595,146.95084,147.1425,12.400847139251956
2021-12-27T14:30:00Z,147.4635,148.4265,147.25,148.064,12.250618582752477
2021-12-28T14:30:00Z,148.3745,148.3745,145.9355,146.448,11.604253056350778
2021-12-29T14:30:00Z,146.4295,147.18375,145.5045,146.5045,10.840314522700742
2021-12-30T14:30:00Z,146.45,147.0625,145.7585,146.0025,10.130943027168568
2021-12-31T14:30:00Z,145.544,146.365,144.6775,144.6795,9.779819575223193
2022-01-03T14:30:00Z,144.4755,145.55,143.5025,145.0745,9.902861188464563
2022-01-04T14:30:00Z,145.5505,146.61,143.816125,144.4165,9.534939259665576
2022-01-05T14:30:00Z,144.181,144.298,137.5235,137.6535,11.091738899442815
2022-01-06T14:30:00Z,137.4975,139.686,136.7635,137.551,12.709125741524794
2022-01-07T14:30:00Z,137.905,138.254745,135.789,137.0045,14.429333011967064
2022-01-10T14:30:00Z,135.099,138.64,133.1405,138.574,16.563746433054753
2022-01-11T14:30:00Z,138.1805,140.3295,136.8135,140.0175,17.76696116763982
2022-01-12T14:30:00Z,141.5545,142.814245,141.112,141.648,17.86587140899955
2022-01-13T14:30:00Z,141.8405,143.1855,138.914,139.131,18.491313548994587
2022-01-14T14:30:00Z,137.5,141.2005,137.5,139.7865,19.387412416625207
2022-01-18T14:30:00Z,136.6,137.391495,135.617,136.2905,20.61076188998654
2022-01-19T14:30:00Z,136.9385,138.3995,135.5,135.652,21.319780679090503
2022-01-20T14:30:00Z,136.514,137.912,133.1445,133.5065,22.47060254427791
2022-01-21T14:30:00Z,133.012,134.7605,130.001,130.092,24.09713803900903
2022-01-24T14:30:00Z,126.0275,130.7785,124.64195,130.372,26.336777493848647
2022-01-25T14:30:00Z,128.4355,129.3385,126.378,126.7355,28.416442701914
2022-01-26T14:30:00Z,130.5925,132.8075,127.1535,129.24,28.98412075508196
2022-01-27T14:30:00Z,131.361,132.60994,128.945,129.121,29.51125037588077
2022-01-28T14:30:00Z,130,133.3705,128.6945,133.2895,29.7058208704935
2022-01-31T14:30:00Z,134.198,135.8435,132.274,135.6985,28.981084071190892
2022-02-01T14:30:00Z,137.835,138.2,134.568225,137.8785,27.543289229869856
2022-02-02T14:30:00Z,151.8635,152.1,145.557505,148.0365,27.762986669603716
2022-02-03T14:30:00Z,145.295,149.11772,142.205,142.6505,27.16389242421448
2022-02-04T14:30:00Z,143.017,144.53525,139.8175,143.016,26.07954277801815
2022-02-07T14:30:00Z,143.709,143.846495,138.699,138.938,24.830306442814052
2022-02-08T14:30:00Z,138.99125,139.83712,136.873,139.213,23.27803988146971
2022-02-09T14:30:00Z,140.84975,142.1755,140.377,141.453,22.28791671166559
2022-02-10T14:30:00Z,139.5,141.431,138.05,138.6025,20.858105400442998
2022-02-11T14:30:00Z,138.75,139.28325,133.2885,134.13,20.12508457256267
2022-02-14T14:30:00Z,133.3655,136.166495,133.302,135.3,19.444422375245225
2022-02-15T14:30:00Z,137.4715,137.9,135.539505,136.4255,18.413914945441213
2022-02-16T14:30:00Z,136.4305,137.946,134.82364,137.4875,17.605865944276957
2022-02-17T14:30:00Z,136.15,136.8395,132.202,132.3085,17.383982297770793
2022-02-18T14:30:00Z,133.0375,133.824,130.307025,130.4675,17.53444336461163
2022-02-22T14:30:00Z,129.985,131.90075,127.741,129.4025,18.125280980381504
2022-02-23T14:30:00Z,131.0785,131.749,127.5035,127.585,18.71503285130464
2022-02-24T14:30:00Z,125,133.037,124.7645,132.6735,19.724825936895414
2022-02-25T14:30:00Z,133.5255,135.389,131.765,134.5195,19.94918729031938
2022-02-28T14:30:00Z,133.2845,135.6405,132.82525,134.891,20.08220817937189
2022-03-01T14:30:00Z,134.48,136.111,133.3785,134.168,20.057851422542555
2022-03-02T14:30:00Z,134.60825,135.6155,133.4325,134.7515,20.035234434058175
2022-03-03T14:30:00Z,135.9785,136.713795,133.431,134.308,19.638009500482685
2022-03-04T14:30:00Z,133.3825,134.199,130.4085,132.122,19.973709808285584
2022-03-07T14:30:00Z,131.904,131.904,126.41,126.4645,21.048110546899856
2022-03-08T14:30:00Z,126.2505,131.2465,125.86075,127.2785,22.140688550134847
2022-03-09T14:30:00Z,131.4,134.1985,130.088,133.866,22.12452260613915
2022-03-10T14:30:00Z,131.4625,133.5385,131.401,132.682,22.109511372428855
2022-03-11T14:30:00Z,133.9995,134.2,130.2965,130.4755,22.340470971045953
2022-03-14T13:30:00Z,130.573,131.026,126.413,126.741,23.315142848253185
2022-03-15T13:30:00Z,127.7415,130.51725,126.568,129.6605,24.2201953056599
2022-03-16T13:30:00Z,131,133.771,129.201,133.6905,23.87879902865589
2022-03-17T13:30:00Z,133.321,134.739495,132.719,134.6005,23.241541261311585
2022-03-18T13:30:00Z,133.884,136.9135,132.932,136.8015,21.966685444577134
2022-03-21T13:30:00Z,136.8475,137.5825,134.6115,136.4785,20.580909288702532
2022-03-22T13:30:00Z,136.5,141.5,136.5,140.2775,19.987752314376454
2022-03-23T13:30:00Z,139.1385,140.025,138.1665,138.5035,19.43696369535938
2022-03-24T13:30:00Z,139.2725,141.3965,138.03938,141.312,19.27325495979568
2022-03-25T13:30:00Z,141.754,141.9595,139.6995,141.5215,19.26295821861199
2022-03-28T13:30:00Z,140.6845,141.9765,139.828135,141.95,19.25789152242935
2022-03-29T13:30:00Z,143.1605,144.1625,142.484,143.25,19.814615186926606
2022-03-30T13:30:00Z,142.87,143.4805,142.168,142.6445,20.196204726443682
2022-03-31T13:30:00Z,142.4485,142.6445,139.619,139.6495,19.525025486951407
2022-04-01T13:30:00Z,140.01,140.95,138.797,140.7,18.598576143768447
2022-04-04T13:30:00Z,140.8245,144.04375,140.8245,143.6425,18.635467791350102
2022-04-05T13:30:00Z,143.3995,143.59,140.9435,141.063,18.669724321247354
2022-04-06T13:30:00Z,139.1615,139.8485,136.41811,137.176,17.55065779761444
2022-04-07T13:30:00Z,136.618,137.7015,134.85725,136.465,16.95855186876675
2022-04-08T13:30:00Z,136.25,136.25,133.752505,134.0105,16.71254837252997
2022-04-11T13:30:00Z,132.9,132.93918,129.6175,129.7965,17.46583749884883
2022-04-12T13:30:00Z,132.4235,132.4235,127.576,128.3745,18.57013557654889
2022-04-13T13:30:00Z,128.6265,130.65575,128.438595,130.286,19.595555220127515
2022-04-14T13:30:00Z,130.6495,130.71025,127.1115,127.253,20.81353523910949
2022-04-18T13:30:00Z,127.41,128.712,126.578465,127.961,22.05056725425439
2022-04-19T13:30:00Z,128.077,130.90375,127.4515,130.531,22.27159636607769
2022-04-20T13:30:00Z,131.284,131.9235,127.894055,128.2455,22.074680507314763
2022-04-21T13:30:00Z,129.35,130.3075,124.65,124.9375,22.659585142138745
2022-04-22T13:30:00Z,125,125.452,119.1405,119.614,24.18054897060294
2022-04-25T13:30:00Z,119.4295,123.278,118.76925,123.25,25.64910064284857
2022-04-26T13:30:00Z,122.75,122.75,119.16185,119.506,27.01275576707665
2022-04-27T13:30:00Z,114.373,117.5,113.12425,115.0205,29.105650743005274
2022-04-28T13:30:00Z,117.115,120.4385,115.14389,119.4115,29.944673021308066
2022-04-29T13:30:00Z,117.578,118.96,114.694,114.9665,30.791560937829527
2022-05-02T13:30:00Z,113.9065,117.3395,113.3995,117.157,31.774873423579287
2022-05-03T13:30:00Z,116.765,119.3,116.627,118.1295,31.947425412720765
2022-05-04T13:30:00Z,118.0035,123.143,115.7385,122.575,30.847326327352555
2022-05-05T13:30:00Z,120.2205,121.23325,115.1825,116.7465,29.945476868033627
2022-05-06T13:30:00Z,115.519,117.4985,114.143,115.66,29.334983241837865
2022-05-09T13:30:00Z,113.3035,115.562905,112.5515,113.084,29.106083622701135
2022-05-10T13:30:00Z,116.0405,116.691,113.383285,114.5845,28.49771111584835
2022-05-11T13:30:00Z,113.7105,116.671,113.65,113.961,27.932793788056482
2022-05-12T13:30:00Z,111.938,114.8565,110.1135,113.161,28.189496040139367
2022-05-13T13:30:00Z,114.8455,118.085,114,116.5155,27.3074170937534
2022-05-16T13:30:00Z,115.384,116.6075,114.335,114.7925,26.488343786395003
2022-05-17T13:30:00Z,117.2275,117.2275,115.3375,116.7015,25.513678031215232
2022-05-18T13:30:00Z,115.2375,115.69567,112.142,112.401,25.390447301827823
2022-05-19T13:30:00Z,111.841,113.5875,110.468,110.7455,25.636179562544058
2022-05-20T13:30:00Z,112.0855,112.55,106.373,109.313,26.6188851138302
2022-05-23T13:30:00Z,110.104,112.0055,109.15425,111.6665,27.53139741145304
2022-05-24T13:30:00Z,106.3775,106.395,102.208,105.926,29.357096766517
2022-05-25T13:30:00Z,105.142,106.54469,104.21125,105.8395,30.995334285978725
2022-05-26T13:30:00Z,106.0505,108.95525,105.488,108.296,31.61392490528689
2022-05-27T13:30:00Z,109.7885,112.868,109.55,112.799,30.92471370511798
2022-05-31T13:30:00Z,113.079,116.4335,112.5725,114.039,29.321504420428823
2022-06-01T13:30:00Z,114.9315,117.399,113.5505,114.137,27.590775714577386
2022-06-02T13:30:00Z,114.188,117.898,113.308,117.746,25.855395382666963
2022-06-03T13:30:00Z,115.9925,116.3645,113.668,114.564,24.24397078875014
2022-06-06T13:30:00Z,116.7425,119.39848,116.52829,117.0105,23.07033221989779
2022-06-07T13:30:00Z,115.648,117.748625,115.125505,117.2295,21.58912046448315
2022-06-08T13:30:00Z,116.8765,118.646,116.69675,117.238,20.449714880292262
2022-06-09T13:30:00Z,116.3415,118.35,114.867,114.918,19.108112895074576
2022-06-10T13:30:00Z,112.78125,113.497,110.861,111.4275,18.846953667504692
2022-06-13T13:30:00Z,107.446,109.2185,106.588055,106.8765,19.442037520743373
2022-06-14T13:30:00Z,106.89,108.4575,106.352,107.194,20.037184101411988
2022-06-15T13:30:00Z,108.8995,112.063,108.11875,110.3905,19.506991058158146
2022-06-16T13:30:00Z,108.1495,109.2905,105.792505,106.636,19.490035694342804
2022-06-17T13:30:00Z,106.535,109.2495,105.62853,107.8655,19.507437316897317
2022-06-21T13:30:00Z,109.702,112.673,109.2935,112.015,18.544782580346183
2022-06-22T13:30:00Z,111.163,113.7695,110.724285,112.034,17.363266976038666
2022-06-23T13:30:00Z,112.95,113.1965,111.029,112.6845,16.266145343467397
2022-06-24T13:30:00Z,113.603,118.6375,113.603,118.538,16.267944602651536
2022-06-27T13:30:00Z,118.935,119.25,116.00075,116.6225,16.39685640289982
2022-06-28T13:30:00Z,116.351,117.8565,112.444,112.5715,15.526008228555261
2022-06-29T13:30:00Z,112.1485,113.6645,111.554005,112.2565,14.48901259711862
2022-06-30T13:30:00Z,110.4995,111.3298,107.31,109.3725,14.36406119675548
2022-07-01T13:30:00Z,108.337,109.806365,107.105,109.081,14.291853980586458
2022-07-05T13:30:00Z,107.5145,114.05258,106.249505,113.887,13.414815929093734
2022-07-06T13:30:00Z,114.092,116.352,112.2505,115.2135,13.113209639379326
2022-07-07T13:30:00Z,116.008,119.861995,115.534,119.306,13.530376798722923
2022-07-08T13:30:00Z,117.55,120.435,117.514,120.1685,14.025118899452824
2022-07-11T13:30:00Z,118.65,118.7945,116.2345,116.5225,14.11715000561043
2022-07-12T13:30:00Z,116.8385,117.849495,114.615005,114.8495,13.749593539060104
2022-07-13T13:30:00Z,112.639,115.156995,111.823,112.187,12.847840143979944
2022-07-14T13:30:00Z,110.826,111.9875,109.3255,111.44,12.589202979635061
2022-07-15T13:30:00Z,112.963,114.0005,111.8225,112.767,11.830975620658656
2022-07-18T13:30:00Z,113.44,114.8,109.3,109.91,11.702740098496921
2022-07-19T13:30:00Z,111.73,114.81,110.5,114.62,11.580905650098723
2022-07-20T13:30:00Z,114.06,116.33,113.26,114.7,11.0408949577358
2022-07-21T13:30:00Z,115.09,115.21,111.91,115.04,10.878123986775035
2022-07-22T13:30:00Z,111.81,113.18,107.6,108.36,11.673154397303607
2022-07-25T13:30:00Z,108.88,110.58,107.01,108.21,12.528133039007852
2022-07-26T13:30:00Z,107.43,107.74,104.76,105.44,13.754226379594153
2022-07-27T13:30:00Z,109.6,114.4,108.42,113.6,13.024627161670068
2022-07-28T13:30:00Z,112.8,114.7,111.851,114.59,12.275495362389496
2022-07-29T13:30:00Z,113.4,116.9,113.23,116.64,11.737996431896699
2022-08-01T13:30:00Z,115.53,117.12,114.69,115.48,11.290566950923274
2022-08-02T13:30:00Z,114.43,117.08,114.26,115.9,10.756541918840492
2022-08-03T13:30:00Z,116.34,119.42,116.15,118.78,10.840765580811592
2022-08-04T13:30:00Z,118.3,119.5,117.71,118.87,10.938467485707097
2022-08-05T13:30:00Z,116.93,118.86,116.71,118.22,10.708211952706696
2022-08-08T13:30:00Z,119.12,120.86,117.83,118.14,11.017839721030033
2022-08-09T13:30:00Z,117.99,118.2,116.56,117.5,10.88211212525348
2022-08-10T13:30:00Z,119.59,121.78,119.36,120.65,11.633842067684455
2022-08-11T13:30:00Z,122.08,122.3402,119.55,119.82,12.456944693588559
2022-08-12T13:30:00Z,121.16,122.65,120.4001,122.65,13.293126135729546
2022-08-15T13:30:00Z,122.21,123.26,121.57,122.88,14.21592377658868
2022-08-16T13:30:00Z,122.32,123.2276,121.535,122.51,15.057782971666228
2022-08-17T13:30:00Z,120.93,122.15,120.2,120.32,15.262860489732327
2022-08-18T13:30:00Z,120.23,121.69,119.5502,120.86,15.179579254966432
2022-08-19T13:30:00Z,119.87,120,117.67,118.12,14.3529273564534
2022-08-22T13:30:00Z,116.1,116.5,114.67,115.07,14.079780643567114
2022-08-23T13:30:00Z,114.32,115.93,114.3,114.77,13.939891322871055
2022-08-24T13:30:00Z,114.45,115.7171,113.78,114.7,13.97465182335458
2022-08-25T13:30:00Z,115.15,117.78,115.05,117.7,13.183259690244311
2022-08-26T13:30:00Z,115.81,116.6,111.22,111.3,13.611587296995781
2022-08-29T13:30:00Z,110.78,111.96,109.81,110.34,14.369217835941456
2022-08-30T13:30:00Z,111.03,111.37,108.8,109.91,15.321108476040063
2022-08-31T13:30:00Z,111.63,111.77,109.05,109.15,16.029929855561072
2022-09-01T13:30:00Z,109.2,111.22,108.19,110.55,16.9153345332488
2022-09-02T13:30:00Z,111.34,111.675,108.13,108.68,17.520357488997067
2022-09-06T13:30:00Z,108.135,108.88,106.51,107.48,18.525636448532307
2022-09-07T13:30:00Z,107.76,110.99,107.615,110.48,18.476704183599903
2022-09-08T13:30:00Z,109.18,110.58,108.06,109.42,18.43126708044839
2022-09-09T13:30:00Z,110.05,112,110,111.78,17.754230978810824
2022-09-12T13:30:00Z,111.99,112.64,110.93,111.87,16.850719340343773
2022-09-13T13:30:00Z,108.89,109.37,105,105.31,17.777925126330604
2022-09-14T13:30:00Z,105.44,106.1,104.5,105.87,18.75474708035774
2022-09-15T13:30:00Z,105.01,106.21,103.31,103.9,19.93563085348659
2022-09-16T13:30:00Z,102.97,104.03,101.855,103.63,21.349220695811937
2022-09-19T13:30:00Z,102.54,104.02,102.37,103.85,22.66183983511404
2022-09-20T13:30:00Z,102.88,103.17,101.12,101.83,24.156111046658964
2022-09-21T13:30:00Z,102.24,103.49,99.99,100.01,25.779906007201493
2022-09-22T13:30:00Z,99.45,101.68,99.41,100.57,27.406793500554848
2022-09-23T13:30:00Z,100.06,100.11,98.01,99.17,29.19467955503949
2022-09-26T13:30:00Z,98.61,100.44,98.38,98.81,30.650265747637288
2022-09-27T13:30:00Z,99.91,100.46,97.34,98.09,32.21781536651546
2022-09-28T13:30:00Z,98.02,101.4,97.8,100.74,33.072433365867376
2022-09-29T13:30:00Z,99.3,99.3,96.52,98.09,34.164254009262834
2022-09-30T13:30:00Z,97.73,99.494,96.03,96.15,35.28844161825352
2022-10-03T13:30:00Z,97.22,99.97,97.02,99.3,36.00738756311851
2022-10-04T13:30:00Z,101.04,102.72,101.04,102.41,35.02598641411602
2022-10-05T13:30:00Z,100.69,102.74,99.74,102.22,34.530042119314366
2022-10-06T13:30:00Z,101.5,103.73,101.5,102.24,33.54067767689442
2022-10-07T13:30:00Z,100.65,101.42,99.21,99.57,33.3351412697632
2022-10-10T13:30:00Z,99.85,99.99,97.87,98.71,33.50825630956161
2022-10-11T13:30:00Z,98.25,100.12,97.25,98.05,33.83110056318332
2022-10-12T13:30:00Z,98.27,99.6476,97.67,98.3,34.13088451297491
2022-10-13T13:30:00Z,95.93,100.53,95.27,99.71,35.01516686355451
2022-10-14T13:30:00Z,100.625,101.29,97.03,97.18,35.36956537341062
2022-10-17T13:30:00Z,99.52,101.77,99.51,100.78,35.404290468380196
2022-10-18T13:30:00Z,103.94,104.22,100.65,101.39,34.08487790481763
2022-10-19T13:30:00Z,100.7,101.6592,99.635,100.29,33.20686204091498
2022-10-20T13:30:00Z,100.82,103,99.97,100.53,31.723107985592176
2022-10-21T13:30:00Z,98.46,101.62,98.23,101.48,30.951870188387876
2022-10-24T13:30:00Z,102.09,103.1,100.3,102.97,29.531063285754293
2022-10-25T13:30:00Z,103.3,105.0999,103.02,104.93,27.47350060017375
2022-10-26T13:30:00Z,96.76,98.54,94.57,94.82,27.802121321270985
2022-10-27T13:30:00Z,94.31,95.17,91.9,92.6,28.591257551321235
2022-10-28T13:30:00Z,92.53,96.86,92.3225,96.58,28.692580777426947
2022-10-31T13:30:00Z,95.78,96.35,94.38,94.66,28.786666630239388
2022-11-01T13:30:00Z,95.59,96.165,90.43,90.5,29.609838907692883
2022-11-02T13:30:00Z,90.91,91.3,87.01,87.07,30.888710687746062
2022-11-03T13:30:00Z,86.345,86.55,83.45,83.49,32.52295833686842
2022-11-04T13:30:00Z,85.51,86.73,83.88,86.7,33.9696694956562
2022-11-07T14:30:00Z,87.34,88.94,86.96,88.65,34.4559428024901
2022-11-08T14:30:00Z,89.16,90.405,87.65,88.91,34.37360076728563
2022-11-09T14:30:00Z,88.545,89.49,87.3599,87.4,34.350476517659246
2022-11-10T14:30:00Z,92.34,94.55,91.65,94.17,32.665289218224615
2022-11-11T14:30:00Z,94.71,97.36,94.16,96.73,30.35575481963039
2022-11-14T14:30:00Z,95.5,97.18,95.1125,96.03,28.211187163792907
2022-11-15T14:30:00Z,98.67,100.42,97.02,98.72,26.97365927309746
2022-11-16T14:30:00Z,98.02,99.85,97.9015,98.99,25.824526231737398
2022-11-17T14:30:00Z,97.18,99.48,97.1,98.5,24.511309699420885
2022-11-18T14:30:00Z,99.01,99.16,96.74,97.8,23.178232008866278
2022-11-21T14:30:00Z,97.56,98.72,95.67,95.83,21.598169036122545
2022-11-22T14:30:00Z,96.16,97.5475,94.41,97.33,20.371752894337533
2022-11-23T14:30:00Z,97.34,99.0685,97.34,98.82,19.091998131424052
2022-11-25T14:30:00Z,98.465,98.94,97.53,97.6,17.90365442300439
2022-11-28T14:30:00Z,97.2,97.83,95.89,96.25,17.00674442877389
2022-11-29T14:30:00Z,96,96.3901,94.39,95.44,16.64564149062889
2022-11-30T14:30:00Z,95.12,101.45,94.67,101.45,16.22003617520614
2022-12-01T14:30:00Z,101.4,102.59,100.67,101.28,16.12319718396526
2022-12-02T14:30:00Z,99.37,101.15,99.17,100.83,15.523330389863021
2022-12-05T14:30:00Z,99.815,101.7499,99.355,99.87,15.1381500632103
2022-12-06T14:30:00Z,99.67,100.21,96.7604,97.31,14.185046413396154
2022-12-07T14:30:00Z,96.77,97.31,95.025,95.15,13.807562298335549
2022-12-08T14:30:00Z,95.69,95.87,93.8,93.95,13.79629190643969
2022-12-09T14:30:00Z,93.9,94.49,93.02,93.07,13.998716540854215
2022-12-12T14:30:00Z,93.09,93.8745,91.9,93.56,14.488417462843076
2022-12-13T14:30:00Z,98.07,99.8,95.38,95.85,13.897769239334815
2022-12-14T14:30:00Z,95.54,97.22,93.94,95.31,12.92912419805749
2022-12-15T14:30:00Z,93.54,94.03,90.43,91.2,12.891222001174576
2022-12-16T14:30:00Z,91.2,91.75,90.01,90.86,12.956722932540405
2022-12-19T14:30:00Z,90.88,91.2,88.925,89.15,13.281366528122069
2022-12-20T14:30:00Z,88.73,89.78,88.04,89.63,13.796587806502632
2022-12-21T14:30:00Z,89.73,90.915,88.91,90.25,13.864361669671563
2022-12-22T14:30:00Z,88.93,89.18,86.9401,88.26,14.425894157338007
2022-12-23T14:30:00Z,87.62,90.1,87.62,89.81,14.603427400667062
2022-12-27T14:30:00Z,89.31,89.5,87.535,87.93,14.791543906125357
2022-12-28T14:30:00Z,87.5,88.52,86.3701,86.46,15.28952779234205
2022-12-29T14:30:00Z,87.03,89.365,86.99,88.95,15.395592011063933
2022-12-30T14:30:00Z,87.365,88.83,87.03,88.73,15.494080214162823
2023-01-03T14:30:00Z,89.83,91.55,89.02,89.7,14.478971503136151
2023-01-04T14:30:00Z,91.01,91.24,87.8,88.71,13.961012310239893
2023-01-05T14:30:00Z,88.07,88.21,86.56,86.77,13.889848965705587
2023-01-06T14:30:00Z,87.36,88.47,85.57,88.16,14.13763599258577
2023-01-09T14:30:00Z,89.195,90.83,88.58,88.8,13.405891538769396
2023-01-10T14:30:00Z,86.72,89.475,86.7,89.24,13.341583471614074
2023-01-11T14:30:00Z,90.06,92.45,89.74,92.26,12.560005965963041
2023-01-12T14:30:00Z,92.4,92.62,90.57,91.91,11.890632748517628
2023-01-13T14:30:00Z,91.528,92.98,90.93,92.8,11.394293680478947
2023-01-17T14:30:00Z,92.78,92.97,90.84,92.16,10.89703972858134
2023-01-18T14:30:00Z,92.94,93.588,91.4,91.78,10.671731392922164
2023-01-19T14:30:00Z,91.39,94.4,91.38,93.91,10.770383252355149
2023-01-20T14:30:00Z,95.95,99.42,95.91,99.28,12.352374716094863
2023-01-23T14:30:00Z,99.13,101.4,98.75,101.21,14.260027877477233
2023-01-24T14:30:00Z,99.55,101.09,98.7,99.21,16.006752031199607
2023-01-25T14:30:00Z,97.2,97.72,95.262,96.73,16.089632437052177
2023-01-26T14:30:00Z,98.28,99.21,96.82,99.16,16.566547556429985
2023-01-27T14:30:00Z,99.05,101.58,98.97,100.71,17.581899285420295
2023-01-30T14:30:00Z,98.745,99.4088,97.52,97.95,17.926868753593524
2023-01-31T14:30:00Z,97.86,99.91,97.79,99.87,18.376156447892853
2023-02-01T14:30:00Z,99.74,102.1899,98.42,101.43,19.347255354583545
2023-02-02T14:30:00Z,106.79,108.82,106.54,108.8,21.42826398236983
2023-02-03T14:30:00Z,103.51,108.02,103.3,105.22,22.159460280733544
2023-02-06T14:30:00Z,102.685,104.7,102.21,103.47,22.467743783937856
2023-02-07T14:30:00Z,103.63,108.67,103.5475,108.04,23.45721453959913
2023-02-08T14:30:00Z,102.69,103.58,98.455,100,22.85605973150782
2023-02-09T14:30:00Z,100.54,100.61,93.86,95.46,21.23137353766037
2023-02-10T14:30:00Z,95.74,97.02,94.53,94.86,19.72273635765917
2023-02-13T14:30:00Z,95.01,95.35,94.05,95,18.43391751283162
2023-02-14T14:30:00Z,94.66,95.175,92.65,94.95,17.567320423792783
2023-02-15T14:30:00Z,94.74,97.34,94.36,97.1,16.41371680387865
2023-02-16T14:30:00Z,95.54,97.88,94.97,95.78,15.47722215028949
2023-02-17T14:30:00Z,95.07,95.75,93.45,94.59,14.540236163154432
2023-02-21T14:30:00Z,93.24,93.4149,92,92.05,14.041964640346755
2023-02-22T14:30:00Z,91.934,92.36,90.87,91.8,13.862025800450544
2023-02-23T14:30:00Z,92.13,92.13,90.01,91.07,13.909231485400426
2023-02-24T14:30:00Z,89.63,90.13,88.86,89.35,14.23731694249649
2023-02-27T14:30:00Z,90.09,90.4499,89.61,90.1,14.425537366151248
2023-02-28T14:30:00Z,89.54,91.45,89.52,90.3,14.230822204013432
2023-03-01T14:30:00Z,90.16,91.2,89.85,90.51,14.050015267742605
2023-03-02T14:30:00Z,89.86,92.48,89.77,92.31,13.39025910212781
2023-03-03T14:30:00Z,92.74,94.11,92.66,94.02,12.673609656049404
2023-03-06T14:30:00Z,94.36,96.3,94.3,95.58,12.707839420875668
2023-03-07T14:30:00Z,95.42,96.09,93.8443,94.17,12.560123142943318
2023-03-08T14:30:00Z,94.405,96.24,94.405,94.65,12.472816262230483
2023-03-09T14:30:00Z,94.49,95.92,92.355,92.66,11.592070205307019
2023-03-10T14:30:00Z,92.5,93.18,90.8,91.01,11.32834915701586
2023-03-13T13:30:00Z,90.565,93.08,89.94,91.66,11.374394355773356
2023-03-14T13:30:00Z,93.07,94.83,92.78,94.25,10.710519318270025
2023-03-15T13:30:00Z,93.54,97.25,93.04,96.55,10.644713352847806
2023-03-16T13:30:00Z,96.57,101.97,95.87,101.07,11.848425432513585
2023-03-17T13:30:00Z,100.84,103.49,100.75,102.46,13.296232741056249
2023-03-20T13:30:00Z,101.06,102.58,100.79,101.93,14.640625241845868
2023-03-21T13:30:00Z,101.98,105.96,101.86,105.84,16.573471392344093
2023-03-22T13:30:00Z,105.14,107.51,104.21,104.22,18.63965198181666
2023-03-23T13:30:00Z,105.89,107.1009,105.41,106.26,20.55824824346976
2023-03-24T13:30:00Z,105.74,106.16,104.74,106.06,22.010988428701953
2023-03-27T13:30:00Z,105.32,105.4,102.63,103.06,22.38471696431859
2023-03-28T13:30:00Z,103,103,100.28,101.36,21.7853725824106
2023-03-29T13:30:00Z,102.72,102.82,101.03,101.9,21.228838513496033
2023-03-30T13:30:00Z,101.44,101.61,100.29,101.32,20.413768522449
2023-03-31T13:30:00Z,101.71,104.19,101.44,104,20.435811262812102